gen	nevals	avg      	std      	min       	max    	p-avg 	p-std  	p-min	p-max	s-avg	s-std   	s-min	s-max	t-avg  	t-std  	t-min  	t-max  
0  	100   	0.0714498	0.172605 	0.00522814	1.05794	71.1  	170.617	6    	1000 	0.78 	0.855336	0    	6    	745.022	1128.64	26.389 	7866.65
1  	25    	0.0734798	0.17198  	0.0175551 	1.05794	71.94 	170.352	14   	1000 	0.84 	0.833307	0    	6    	686.019	1076.24	26.389 	7866.65
2  	25    	0.0775809	0.171198 	0.0210194 	1.05794	75.25 	169.659	16   	1000 	0.94 	0.834506	0    	6    	706.908	1077.59	23.139 	7866.65
3  	25    	0.0801813	0.170659 	0.023644  	1.05794	78.06 	169.086	17   	1000 	0.95 	0.829156	0    	6    	737.873	1099.14	23.139 	7866.65
4  	25    	0.094328 	0.192052 	0.0271756 	1.05794	91.74 	191.74 	19   	1000 	1.03 	0.910549	0    	6    	771.202	1111.66	23.139 	7866.65
5  	25    	0.0996136	0.19117  	0.0293504 	1.05794	96.88 	190.767	22   	1000 	1.07 	0.930108	0    	6    	796.638	1107.65	23.139 	7866.65
6  	25    	0.113907 	0.210431 	0.0314991 	1.05794	111.24	209.763	23   	1000 	1.1  	0.943398	0    	6    	833.304	1105.66	23.139 	7866.65
7  	25    	0.119288 	0.210065 	0.0348138 	1.05794	116.35	209.152	28   	1000 	1.18 	1.00379 	0    	6    	886.182	1118.73	23.139 	7866.65
8  	25    	0.122942 	0.209385 	0.0376088 	1.05794	120.17	208.302	29   	1000 	1.22 	0.995791	0    	6    	942.775	1130.8 	23.139 	7866.65
9  	25    	0.135387 	0.227088 	0.0386067 	1.05794	131.96	225.442	29   	1000 	1.26 	1.00618 	0    	6    	917.342	1124.27	23.139 	7866.65
10 	25    	0.139977 	0.225942 	0.041856  	1.05794	136.09	224.278	29   	1000 	1.32 	1.03808 	0    	6    	931.321	1120.62	23.139 	7866.65
11 	25    	0.166244 	0.259736 	0.0444948 	1.19471	161.13	252.585	29   	1000 	1.58 	2.20989 	0    	21   	1068.64	1176.67	23.139 	7866.65
12 	25    	0.212762 	0.310302 	0.0476862 	1.19471	205.59	299.46 	29   	1000 	1.88 	2.98423 	0    	21   	1162.8 	1245.87	23.139 	7866.65
13 	25    	0.215974 	0.30961  	0.0484371 	1.19471	208.41	298.94 	29   	1000 	1.9  	2.98161 	0    	21   	1143.57	1249.6 	23.139 	7866.65
14 	25    	0.237233 	0.320316 	0.0517225 	1.19471	226.5 	306.932	46   	1000 	2.21 	3.28114 	0    	21   	1136.69	1204.04	26.389 	7866.65
15 	25    	0.260155 	0.329841 	0.0597538 	1.19471	246.53	312.757	56   	1000 	2.51 	3.74298 	0    	21   	1147.51	1187.44	26.389 	7866.65
16 	25    	0.30525  	0.365488 	0.0693586 	1.20414	284.92	337.482	64   	1000 	3.19 	4.98737 	0    	23   	1157.04	1196.54	19.395 	7866.65
17 	25    	0.328937 	0.3774   	0.0765091 	1.20414	306.76	348.627	64   	1000 	3.37 	5.22045 	0    	23   	1152.35	1163.75	19.395 	7866.65
18 	25    	0.342616 	0.385039 	0.0833896 	1.20414	318.61	353.121	69   	1000 	3.57 	5.57719 	0    	23   	1169.4 	1172.95	19.395 	7866.65
19 	25    	0.355704 	0.390614 	0.0852876 	1.20414	329.83	357.555	69   	1000 	3.71 	5.68383 	0    	23   	1122.61	1140.35	19.395 	7866.65
20 	25    	0.374787 	0.393306 	0.0903102 	1.20414	347.08	360.584	81   	1000 	3.87 	5.68974 	0    	23   	1099.31	913.668	19.395 	4267.62
21 	25    	0.402982 	0.40441  	0.0971657 	1.20677	371.46	367.825	81   	1000 	4.28 	6.09275 	0    	24   	1127.79	937.492	19.395 	4267.62
22 	25    	0.426753 	0.415997 	0.103305  	1.21431	390.79	375.033	85   	1000 	4.72 	6.58495 	0    	24   	1123.66	908.081	19.395 	4267.62
23 	25    	0.428727 	0.414621 	0.109974  	1.21431	392.88	373.589	95   	1000 	4.73 	6.57853 	0    	24   	1145.34	898.488	19.395 	4267.62
24 	25    	0.446014 	0.416782 	0.116855  	1.21431	408.39	373.761	101  	1000 	4.96 	6.80723 	0    	24   	1197.64	931.651	19.395 	4267.62
25 	25    	0.451282 	0.413814 	0.120486  	1.21431	414.16	370.396	101  	1000 	5.04 	6.78074 	0    	24   	1327.83	1318.49	19.395 	10557.8
26 	25    	0.481039 	0.422039 	0.124422  	1.21431	441.88	378.681	101  	1000 	5.25 	6.81817 	0    	24   	1334.06	1317.23	19.395 	10557.8
27 	25    	0.482684 	0.420806 	0.124603  	1.21431	442.56	378.176	101  	1000 	5.23 	6.82474 	0    	24   	1217.6 	935.028	19.395 	4267.62
28 	25    	0.503963 	0.421607 	0.13093   	1.21431	461.66	377.488	116  	1000 	5.48 	6.97206 	0    	24   	1249.7 	929.61 	19.395 	4267.62
29 	25    	0.516025 	0.424303 	0.136416  	1.21431	471.75	378.611	120  	1000 	5.64 	7.14496 	0    	24   	1212.53	880.639	19.395 	4266.09
30 	25    	0.5279   	0.42486  	0.13895   	1.21431	482.42	378.605	126  	1000 	5.76 	7.17094 	0    	24   	1212.04	880.798	19.395 	4266.09
31 	25    	0.529239 	0.423691 	0.143951  	1.21431	483.72	377.46 	130  	1000 	5.77 	7.16639 	0    	24   	1218.09	881.76 	19.395 	4266.09
32 	25    	0.545373 	0.423347 	0.144833  	1.21431	497.79	375.609	130  	1000 	6    	7.3797  	0    	24   	1241.67	913.208	19.395 	4266.09
33 	25    	0.547691 	0.421331 	0.147159  	1.21431	500.3 	373.418	130  	1000 	6    	7.3797  	0    	24   	1260.93	920.139	19.395 	4266.09
34 	25    	0.594573 	0.426634 	0.157671  	1.21431	543.59	378.628	137  	1000 	6.46 	7.6973  	0    	24   	1361.68	1081.97	19.395 	6892   
35 	25    	0.612202 	0.42401  	0.162319  	1.21431	559.74	374.647	137  	1000 	6.68 	7.85096 	0    	24   	1433.81	1097.52	149.004	6892   
36 	25    	0.646256 	0.421578 	0.169989  	1.21431	591.31	369.949	155  	1000 	7.09 	8.03629 	0    	24   	1595.36	1711.47	149.004	14739.2
37 	25    	0.657207 	0.421155 	0.175565  	1.21431	600.86	368.382	160  	1000 	7.23 	8.10784 	0    	24   	1595.25	1711.59	149.004	14739.2
38 	25    	0.685549 	0.412152 	0.184383  	1.21431	630.06	362.546	160  	1000 	7.26 	8.10262 	0    	24   	1711.07	1813.94	149.004	14739.2
39 	25    	0.733954 	0.402982 	0.194737  	1.21431	672.24	353.124	174  	1000 	7.89 	8.25457 	0    	24   	1718.63	1825.88	149.004	14739.2
40 	25    	0.756952 	0.39709  	0.201029  	1.21431	691.07	345.709	174  	1000 	8.35 	8.47393 	0    	24   	1761.84	1832.16	149.004	14739.2
41 	25    	0.7736   	0.389066 	0.206573  	1.21431	708.29	339.442	174  	1000 	8.37 	8.46127 	0    	24   	1838.96	1854.21	149.004	14739.2
42 	25    	0.782556 	0.384461 	0.212434  	1.21431	717.41	335.144	197  	1000 	8.36 	8.46702 	0    	24   	1845.38	1850.43	149.004	14739.2
43 	25    	0.849624 	0.350799 	0.263099  	1.21431	778.85	304.609	229  	1000 	8.94 	8.64965 	0    	24   	1862.6 	1373.79	149.004	7943.88
44 	25    	0.876343 	0.332988 	0.29009   	1.21431	803.71	288.3  	229  	1000 	9.19 	8.72662 	0    	24   	1926.65	1425.47	149.004	7943.88
45 	25    	0.925959 	0.297656 	0.32716   	1.21431	849.4 	254.214	296  	1000 	9.61 	8.82258 	0    	24   	1954.09	1414.04	149.004	7943.88
46 	25    	0.964578 	0.263804 	0.369758  	1.21431	884.74	218.477	372  	1000 	10.03	8.9816  	0    	24   	2046.21	1407.3 	149.004	7943.88
47 	25    	0.981165 	0.251894 	0.377173  	1.21431	896.96	207.195	372  	1000 	10.48	9.08128 	0    	24   	2059.47	1396.98	149.004	7943.88
48 	25    	1.0288   	0.20342  	0.445209  	1.21431	936.15	158.321	403  	1000 	11.42	9.23166 	0    	24   	2154.93	1419.3 	149.004	7943.88
49 	25    	1.05605  	0.169289 	0.481566  	1.21431	958.8 	120.748	470  	1000 	11.91	9.35318 	0    	24   	2185.22	1398.8 	149.004	7943.88
50 	25    	1.0787   	0.134557 	0.610084  	1.24821	976.14	80.9442	522  	1000 	12.43	9.35762 	0    	26   	2173.97	1380.17	149.004	7943.88
51 	25    	1.09797  	0.107146 	0.787316  	1.24821	992.08	40.6769	734  	1000 	12.74	9.35588 	0    	26   	2150.93	1379.41	149.004	7943.88
52 	25    	1.10893  	0.0936456	0.93108   	1.24821	999.15	6.0438 	950  	1000 	13.12	9.39498 	0    	26   	2142.15	1270.97	149.004	6892   
53 	25    	1.12708  	0.0855859	0.979806  	1.29615	999.15	6.0438 	950  	1000 	14.73	8.93516 	0    	30   	1936.97	1094.06	149.004	6135.25
54 	25    	1.12838  	0.0842275	0.981918  	1.29615	999.65	3.48246	965  	1000 	14.81	8.87434 	0    	30   	1937.11	1086.81	149.004	6135.25
55 	25    	1.13123  	0.0822017	0.983941  	1.29615	999.65	3.48246	965  	1000 	15.07	8.72038 	0    	30   	1911.94	1073.37	149.004	6135.25
56 	25    	1.13644  	0.0784581	0.987042  	1.29615	999.65	3.48246	965  	1000 	15.58	8.37995 	1    	30   	1900.55	1062.81	149.004	6135.25
57 	25    	1.14481  	0.0739773	1.0021    	1.29615	999.65	3.48246	965  	1000 	16.44	7.98539 	2    	30   	1924.08	1078.29	149.004	6135.25
58 	25    	1.14916  	0.071042 	1.00774   	1.29615	999.65	3.48246	965  	1000 	16.9 	7.72075 	2    	30   	1949.34	1092.01	149.004	6135.25
59 	25    	1.15243  	0.0684557	1.01697   	1.29615	999.65	3.48246	965  	1000 	17.22	7.47072 	3    	30   	1942.48	1092.55	149.004	6135.25
60 	25    	1.15513  	0.0661049	1.01904   	1.29615	999.65	3.48246	965  	1000 	17.51	7.24775 	3    	30   	1961.86	1101.25	149.004	6135.25
61 	25    	1.16134  	0.0611533	1.02585   	1.29615	999.65	3.48246	965  	1000 	18.23	6.66462 	3    	30   	2060.86	1208.17	149.004	7288.03
62 	25    	1.17145  	0.0519019	1.04179   	1.29615	999.65	3.48246	965  	1000 	19.37	5.70728 	5    	30   	2189.91	1291.77	149.004	7288.03
63 	25    	1.17968  	0.0419717	1.06256   	1.29615	999.65	3.48246	965  	1000 	20.41	4.54774 	7    	30   	2407.11	1377.98	149.004	7288.03
64 	25    	1.18355  	0.0368996	1.08712   	1.29615	999.65	3.48246	965  	1000 	20.89	3.90358 	11   	30   	2499.8 	1386.84	149.004	7288.03
65 	25    	1.18882  	0.0308004	1.0987    	1.29615	1000  	0      	1000 	1000 	21.35	3.47958 	11   	30   	2468.16	1276.94	149.004	7096.81
66 	25    	1.19132  	0.0269679	1.1035    	1.29615	1000  	0      	1000 	1000 	21.6 	3.08869 	12   	30   	2468.23	1289.74	149.004	7096.81
67 	25    	1.19261  	0.0247839	1.12303   	1.29615	1000  	0      	1000 	1000 	21.81	2.78099 	14   	30   	2549.34	1388.88	149.004	7688.84
68 	25    	1.19521  	0.0220541	1.12724   	1.29615	1000  	0      	1000 	1000 	22.08	2.42355 	14   	30   	2558.69	1386.64	149.004	7688.84
69 	25    	1.19851  	0.0170234	1.14614   	1.29615	1000  	0      	1000 	1000 	22.34	2.01107 	15   	30   	2488.66	1202.56	149.004	6846.97
70 	25    	1.20022  	0.0142892	1.17088   	1.29615	1000  	0      	1000 	1000 	22.63	1.53398 	18   	30   	2608.09	1263.1 	385.422	6846.97
71 	25    	1.20116  	0.0134798	1.17644   	1.29615	1000  	0      	1000 	1000 	22.7 	1.41067 	20   	30   	2583.89	1182.3 	359.47 	6356.11
72 	25    	1.20204  	0.01289  	1.17868   	1.29615	1000  	0      	1000 	1000 	22.63	1.41177 	20   	30   	2426.2 	940.608	359.47 	6132.27
73 	25    	1.20303  	0.0122953	1.18864   	1.29615	1000  	0      	1000 	1000 	22.74	1.35366 	20   	30   	2436.89	888.633	359.47 	3940.71
74 	25    	1.20353  	0.0119626	1.18904   	1.29615	1000  	0      	1000 	1000 	22.81	1.30916 	20   	30   	2456.82	891.316	359.47 	3940.71
75 	25    	1.20385  	0.0117928	1.19471   	1.29615	1000  	0      	1000 	1000 	22.86	1.27295 	20   	30   	2474.97	890.24 	359.47 	3940.71
76 	25    	1.20442  	0.0117514	1.19471   	1.29615	1000  	0      	1000 	1000 	22.91	1.22552 	20   	30   	2468.07	900.607	359.47 	3940.71
77 	25    	1.20472  	0.011606 	1.19471   	1.29615	1000  	0      	1000 	1000 	23.01	1.17043 	20   	30   	2538.07	894.617	359.47 	3940.71
78 	25    	1.20481  	0.0115626	1.19471   	1.29615	1000  	0      	1000 	1000 	23.04	1.15689 	20   	30   	2558.8 	895.023	359.47 	3940.71
79 	25    	1.20542  	0.0114415	1.19649   	1.29615	1000  	0      	1000 	1000 	23.14	1.049   	21   	30   	2597.84	883.474	385.422	4084.76
80 	25    	1.20551  	0.0113926	1.19672   	1.29615	1000  	0      	1000 	1000 	23.13	1.05504 	21   	30   	2579.34	878.656	385.422	4084.76
81 	25    	1.2057   	0.0113084	1.19918   	1.29615	1000  	0      	1000 	1000 	23.16	1.03653 	21   	30   	2590.28	864.428	385.422	3940.71
82 	25    	1.20578  	0.0112797	1.19921   	1.29615	1000  	0      	1000 	1000 	23.16	1.04614 	21   	30   	2581.95	868.682	385.422	3940.71
83 	25    	1.20606  	0.0113063	1.19941   	1.29615	1000  	0      	1000 	1000 	23.18	1.04288 	21   	30   	2574.04	880.873	385.422	3940.71
84 	25    	1.20628  	0.0112558	1.1996    	1.29615	1000  	0      	1000 	1000 	23.2 	1.04881 	21   	30   	2572.42	907.746	385.422	3940.71
85 	25    	1.20634  	0.011229 	1.1996    	1.29615	1000  	0      	1000 	1000 	23.19	1.05541 	21   	30   	2556.11	907.861	385.422	3940.71
86 	25    	1.20653  	0.0111862	1.1996    	1.29615	1000  	0      	1000 	1000 	23.17	1.08678 	21   	30   	2517.13	934.264	385.422	3940.71
87 	25    	1.20662  	0.0111466	1.1996    	1.29615	1000  	0      	1000 	1000 	23.18	1.08977 	21   	30   	2518.02	937.385	385.422	3940.71
88 	25    	1.20662  	0.0111466	1.1996    	1.29615	1000  	0      	1000 	1000 	23.18	1.08977 	21   	30   	2518.02	937.385	385.422	3940.71
89 	25    	1.20737  	0.0118084	1.19971   	1.29615	1000  	0      	1000 	1000 	23.2 	1.13137 	21   	30   	2462.55	956.03 	385.422	3940.71
90 	25    	1.20747  	0.0117606	1.19985   	1.29615	1000  	0      	1000 	1000 	23.22	1.12765 	21   	30   	2472.52	959.079	385.422	3940.71
91 	25    	1.20761  	0.0117219	1.19996   	1.29615	1000  	0      	1000 	1000 	23.23	1.13009 	21   	30   	2469.44	957.586	385.422	3940.71
92 	25    	1.20772  	0.0116873	1.20028   	1.29615	1000  	0      	1000 	1000 	23.23	1.13009 	21   	30   	2457.91	956.116	385.422	3940.71
93 	25    	1.20828  	0.0116548	1.20083   	1.29615	1000  	0      	1000 	1000 	23.23	1.11225 	21   	30   	2401.67	956.087	385.422	3917   
94 	25    	1.20839  	0.0116232	1.20096   	1.29615	1000  	0      	1000 	1000 	23.27	1.06635 	22   	30   	2430.89	923.661	385.422	3676.99
95 	25    	1.20889  	0.0122154	1.20108   	1.29615	1000  	0      	1000 	1000 	23.32	1.09435 	22   	30   	2431.11	935.457	385.422	3676.99
96 	25    	1.20929  	0.0121188	1.20124   	1.29615	1000  	0      	1000 	1000 	23.34	1.0883  	22   	30   	2411.46	953.408	385.422	3676.99
97 	25    	1.20951  	0.0121021	1.20176   	1.29615	1000  	0      	1000 	1000 	23.38	1.06565 	22   	30   	2428.86	962.006	385.422	3676.99
98 	25    	1.20977  	0.0120571	1.20186   	1.29615	1000  	0      	1000 	1000 	23.39	1.06672 	22   	30   	2412.91	966.817	385.422	3676.99
99 	25    	1.20993  	0.0119953	1.20222   	1.29615	1000  	0      	1000 	1000 	23.42	1.06939 	22   	30   	2427.01	976.764	385.422	3676.99
100	25    	1.21014  	0.0119403	1.20224   	1.29615	1000  	0      	1000 	1000 	23.44	1.0707  	22   	30   	2426   	990.621	385.422	3676.99
101	25    	1.21032  	0.01191  	1.20224   	1.29615	1000  	0      	1000 	1000 	23.43	1.0794  	22   	30   	2398.01	1000.05	385.422	3676.99
102	25    	1.21073  	0.0118148	1.20305   	1.29615	1000  	0      	1000 	1000 	23.43	1.0794  	22   	30   	2356.92	1014.75	385.422	3676.99
103	25    	1.21171  	0.0126178	1.20399   	1.29615	1000  	0      	1000 	1000 	23.47	1.13539 	22   	30   	2298.66	1026.44	385.422	3592.33
104	25    	1.21185  	0.0126052	1.20408   	1.29615	1000  	0      	1000 	1000 	23.47	1.13539 	22   	30   	2285.49	1030.92	385.422	3592.33
105	25    	1.21213  	0.0125859	1.20414   	1.29615	1000  	0      	1000 	1000 	23.45	1.13468 	22   	30   	2237.44	1024.98	385.422	3580.91
106	25    	1.21265  	0.0129954	1.20419   	1.29615	1000  	0      	1000 	1000 	23.47	1.1786  	22   	30   	2205.4 	1045.46	385.422	3580.91
107	25    	1.21271  	0.0129644	1.20433   	1.29615	1000  	0      	1000 	1000 	23.48	1.17881 	22   	30   	2208.53	1046.59	385.422	3567.4 
108	25    	1.21276  	0.0129429	1.20444   	1.29615	1000  	0      	1000 	1000 	23.46	1.18676 	22   	30   	2184.11	1042.95	385.422	3552.15
109	25    	1.21295  	0.0129002	1.20448   	1.29615	1000  	0      	1000 	1000 	23.44	1.19432 	22   	30   	2145   	1044.04	385.422	3552.15
110	25    	1.21364  	0.0135863	1.20504   	1.29615	1000  	0      	1000 	1000 	23.46	1.24435 	22   	30   	2095.82	1026.86	385.422	3495.57
111	25    	1.21455  	0.0141606	1.20514   	1.29615	1000  	0      	1000 	1000 	23.47	1.29194 	22   	30   	2014.56	992.756	385.422	3486.3 
112	25    	1.21478  	0.0140991	1.20514   	1.29615	1000  	0      	1000 	1000 	23.45	1.29132 	22   	30   	1971.63	974.448	385.422	3485.66
113	25    	1.21478  	0.0140991	1.20514   	1.29615	1000  	0      	1000 	1000 	23.45	1.29132 	22   	30   	1971.63	974.448	385.422	3485.66
114	25    	1.21509  	0.0139875	1.20514   	1.29615	1000  	0      	1000 	1000 	23.42	1.28981 	22   	30   	1910.53	934.439	385.422	3485.66
115	25    	1.21551  	0.0138699	1.2054    	1.29615	1000  	0      	1000 	1000 	23.35	1.30671 	22   	30   	1799.37	872.516	385.422	3445.53
116	25    	1.21554  	0.0138466	1.2054    	1.29615	1000  	0      	1000 	1000 	23.38	1.29445 	22   	30   	1825.86	885.139	385.422	3445.53
117	25    	1.21587  	0.0137023	1.206     	1.29615	1000  	0      	1000 	1000 	23.37	1.28573 	22   	30   	1783.11	842.035	385.422	3399.54
118	25    	1.21609  	0.0136033	1.2061    	1.29615	1000  	0      	1000 	1000 	23.37	1.27793 	22   	30   	1761.13	827.855	385.422	3378.39
119	25    	1.21692  	0.0140683	1.20656   	1.29615	1000  	0      	1000 	1000 	23.37	1.32405 	22   	30   	1677.73	766.199	385.422	3344.5 
120	25    	1.21711  	0.0140504	1.20678   	1.29615	1000  	0      	1000 	1000 	23.35	1.32947 	22   	30   	1638.97	729.712	385.422	3321.91
121	25    	1.21751  	0.0139308	1.20704   	1.29615	1000  	0      	1000 	1000 	23.3 	1.33041 	22   	30   	1548.92	623.633	385.422	3146.11
122	25    	1.21807  	0.0141298	1.20846   	1.29615	1000  	0      	1000 	1000 	23.36	1.34551 	22   	30   	1552.84	638.373	385.422	3146.11
123	25    	1.21814  	0.0140993	1.20854   	1.29615	1000  	0      	1000 	1000 	23.37	1.33907 	22   	30   	1555.82	637.196	385.422	3146.11
124	25    	1.21887  	0.0145495	1.20888   	1.29615	1000  	0      	1000 	1000 	23.43	1.37299 	22   	30   	1542.53	615.418	385.422	3084.93
125	25    	1.21921  	0.0144068	1.20896   	1.29615	1000  	0      	1000 	1000 	23.42	1.37971 	22   	30   	1498.5 	606.883	385.422	3084.93
126	25    	1.21929  	0.0143722	1.20915   	1.29615	1000  	0      	1000 	1000 	23.42	1.37971 	22   	30   	1490.72	604.052	385.422	3084.93
127	25    	1.21944  	0.0143435	1.20952   	1.29615	1000  	0      	1000 	1000 	23.42	1.37971 	22   	30   	1475.82	582.537	385.422	3015.18
128	25    	1.21985  	0.0141979	1.21006   	1.29615	1000  	0      	1000 	1000 	23.42	1.37971 	22   	30   	1434.87	556.001	385.422	2987.29
129	25    	1.2199   	0.0141735	1.21013   	1.29615	1000  	0      	1000 	1000 	23.43	1.37299 	22   	30   	1440.25	554.312	385.422	2987.29
130	25    	1.21997  	0.0141422	1.21013   	1.29615	1000  	0      	1000 	1000 	23.42	1.37244 	22   	30   	1423.21	532.245	385.422	2987.29
131	25    	1.22011  	0.014078 	1.21014   	1.29615	1000  	0      	1000 	1000 	23.4 	1.37113 	22   	30   	1388.9 	483.367	385.422	2985.87
132	25    	1.22018  	0.0140451	1.21014   	1.29615	1000  	0      	1000 	1000 	23.39	1.37036 	22   	30   	1371.64	456.079	385.422	2985.87
133	25    	1.22031  	0.013981 	1.21017   	1.29615	1000  	0      	1000 	1000 	23.37	1.36861 	22   	30   	1339.38	394.299	385.422	2928.94
134	25    	1.22044  	0.0139194	1.21023   	1.29615	1000  	0      	1000 	1000 	23.39	1.35569 	22   	30   	1346.5 	391.948	385.422	2928.94
135	25    	1.22109  	0.0146513	1.21034   	1.29615	1000  	0      	1000 	1000 	23.46	1.41718 	22   	30   	1351.4 	388.981	385.422	2928.94
136	25    	1.22128  	0.0145526	1.21047   	1.29615	1000  	0      	1000 	1000 	23.51	1.38921 	22   	30   	1381.95	412.913	385.422	2928.94
137	25    	1.22135  	0.0145187	1.21071   	1.29615	1000  	0      	1000 	1000 	23.52	1.38188 	22   	30   	1385.49	410.736	385.422	2928.94
138	25    	1.22148  	0.0144512	1.21071   	1.29615	1000  	0      	1000 	1000 	23.5 	1.38203 	22   	30   	1352.26	346.749	385.422	2928.94
139	25    	1.22152  	0.014427 	1.21071   	1.29615	1000  	0      	1000 	1000 	23.49	1.38199 	22   	30   	1338.29	309.041	385.422	2928.94
140	25    	1.22186  	0.0143198	1.21078   	1.29615	1000  	0      	1000 	1000 	23.52	1.36733 	22   	30   	1334.07	259.298	385.422	2568.65
141	25    	1.22198  	0.0142527	1.21082   	1.29615	1000  	0      	1000 	1000 	23.54	1.35218 	22   	30   	1342.38	252.494	385.422	2568.65
142	25    	1.22204  	0.0142162	1.21082   	1.29615	1000  	0      	1000 	1000 	23.55	1.34443 	22   	30   	1345.8 	249.023	385.422	2568.65
143	25    	1.22225  	0.0141234	1.21401   	1.29615	1000  	0      	1000 	1000 	23.58	1.32801 	23   	30   	1354.93	242.622	385.422	2568.65
144	25    	1.22229  	0.0141031	1.21401   	1.29615	1000  	0      	1000 	1000 	23.58	1.32801 	23   	30   	1350.77	240.732	385.422	2568.65
145	25    	1.22239  	0.0140795	1.21431   	1.29615	1000  	0      	1000 	1000 	23.59	1.32737 	23   	30   	1350.72	240.681	385.422	2568.65
146	25    	1.22285  	0.0144729	1.21467   	1.29615	1000  	0      	1000 	1000 	23.62	1.36953 	23   	30   	1334.64	206.699	385.422	2521.28
147	25    	1.22306  	0.014418 	1.21467   	1.29615	1000  	0      	1000 	1000 	23.64	1.36763 	23   	30   	1334.08	207.488	385.422	2521.28
148	25    	1.22312  	0.0143909	1.21479   	1.29615	1000  	0      	1000 	1000 	23.64	1.36763 	23   	30   	1328.25	206.618	385.422	2521.28
149	25    	1.22314  	0.01438  	1.21486   	1.29615	1000  	0      	1000 	1000 	23.63	1.36861 	23   	30   	1316.1 	168.269	385.422	1698.71
150	25    	1.22336  	0.0142902	1.21549   	1.29615	1000  	0      	1000 	1000 	23.64	1.36763 	23   	30   	1304   	168.541	385.422	1698.71
151	25    	1.22407  	0.0148861	1.21639   	1.29615	1000  	0      	1000 	1000 	23.7 	1.43178 	23   	30   	1292.63	173.535	385.422	1698.71
152	25    	1.22418  	0.0148559	1.21639   	1.29615	1000  	0      	1000 	1000 	23.71	1.43035 	23   	30   	1291.82	174.438	385.422	1698.71
153	25    	1.22458  	0.0149905	1.2164    	1.29615	1000  	0      	1000 	1000 	23.75	1.44482 	23   	30   	1292.33	178.706	385.422	1698.71
154	25    	1.22459  	0.0149814	1.2164    	1.29615	1000  	0      	1000 	1000 	23.75	1.44482 	23   	30   	1290.56	178.471	385.422	1698.71
155	25    	1.22466  	0.0149469	1.2164    	1.29615	1000  	0      	1000 	1000 	23.75	1.44482 	23   	30   	1283.52	179.177	385.422	1698.71
156	25    	1.22518  	0.0152542	1.21674   	1.29615	1000  	0      	1000 	1000 	23.8 	1.47648 	23   	30   	1282.31	183.303	385.422	1698.71
157	25    	1.22522  	0.0152333	1.21688   	1.29615	1000  	0      	1000 	1000 	23.8 	1.47648 	23   	30   	1278.08	184.382	385.422	1698.71
158	25    	1.22524  	0.0152248	1.21693   	1.29615	1000  	0      	1000 	1000 	23.8 	1.47648 	23   	30   	1276.46	184.374	385.422	1698.71
159	25    	1.22526  	0.0152132	1.21693   	1.29615	1000  	0      	1000 	1000 	23.8 	1.47648 	23   	30   	1274.13	184.973	385.422	1698.71
160	25    	1.22528  	0.0152029	1.21717   	1.29615	1000  	0      	1000 	1000 	23.8 	1.47648 	23   	30   	1272.02	185.54 	385.422	1698.71
161	25    	1.2254   	0.015162 	1.21717   	1.29615	1000  	0      	1000 	1000 	23.82	1.47228 	23   	30   	1280.24	194.917	385.422	1698.71
162	25    	1.2254   	0.0151607	1.21717   	1.29615	1000  	0      	1000 	1000 	23.82	1.47228 	23   	30   	1280.01	194.928	385.422	1698.71
163	25    	1.22543  	0.0151461	1.21717   	1.29615	1000  	0      	1000 	1000 	23.82	1.47228 	23   	30   	1277.07	195.967	385.422	1698.71
164	25    	1.22544  	0.015139 	1.21717   	1.29615	1000  	0      	1000 	1000 	23.82	1.47228 	23   	30   	1275.65	196.375	385.422	1698.71
165	25    	1.22548  	0.0151203	1.21725   	1.29615	1000  	0      	1000 	1000 	23.82	1.47228 	23   	30   	1271.91	197.619	385.422	1698.71
166	25    	1.22554  	0.015099 	1.21725   	1.29615	1000  	0      	1000 	1000 	23.83	1.47007 	23   	30   	1276   	202.137	385.422	1698.71
167	25    	1.22554  	0.015099 	1.21725   	1.29615	1000  	0      	1000 	1000 	23.83	1.47007 	23   	30   	1276   	202.137	385.422	1698.71
168	25    	1.22562  	0.0150735	1.21725   	1.29615	1000  	0      	1000 	1000 	23.84	1.46779 	23   	30   	1277.72	203.383	385.422	1698.71
169	25    	1.22568  	0.0150514	1.21725   	1.29615	1000  	0      	1000 	1000 	23.85	1.46544 	23   	30   	1281.69	207.42 	385.422	1698.71
170	25    	1.2257   	0.0150437	1.2174    	1.29615	1000  	0      	1000 	1000 	23.85	1.46544 	23   	30   	1280.22	207.892	385.422	1698.71
171	25    	1.22577  	0.0150168	1.2174    	1.29615	1000  	0      	1000 	1000 	23.86	1.46301 	23   	30   	1283.31	212.233	385.422	1698.71
172	25    	1.22583  	0.014994 	1.2174    	1.29615	1000  	0      	1000 	1000 	23.87	1.46051 	23   	30   	1287.35	216.274	385.422	1698.71
173	25    	1.22585  	0.0149798	1.2174    	1.29615	1000  	0      	1000 	1000 	23.87	1.46051 	23   	30   	1284.65	217.265	385.422	1698.71
174	25    	1.22587  	0.0149726	1.2174    	1.29615	1000  	0      	1000 	1000 	23.87	1.46051 	23   	30   	1283.26	217.864	385.422	1698.71
175	25    	1.2263   	0.0150485	1.2174    	1.29615	1000  	0      	1000 	1000 	23.92	1.46751 	23   	30   	1289.67	224.288	385.422	1698.71
176	25    	1.22638  	0.0150125	1.2174    	1.29615	1000  	0      	1000 	1000 	23.93	1.46462 	23   	30   	1291.7 	228.873	385.422	1698.71
177	25    	1.22641  	0.0149958	1.2174    	1.29615	1000  	0      	1000 	1000 	23.93	1.46462 	23   	30   	1288.75	229.928	385.422	1698.71
178	25    	1.22644  	0.0149808	1.2174    	1.29615	1000  	0      	1000 	1000 	23.93	1.46462 	23   	30   	1286.05	231.037	385.422	1698.71
179	25    	1.2268   	0.0150749	1.21771   	1.29615	1000  	0      	1000 	1000 	23.97	1.47279 	23   	30   	1290.25	234.665	385.422	1698.71
180	25    	1.2271   	0.0151965	1.21771   	1.29615	1000  	0      	1000 	1000 	24   	1.48324 	23   	30   	1289.72	234.864	385.422	1698.71
181	25    	1.22712  	0.0151857	1.21774   	1.29615	1000  	0      	1000 	1000 	24   	1.48324 	23   	30   	1287.89	235.697	385.422	1698.71
182	25    	1.22753  	0.0154652	1.21774   	1.29615	1000  	0      	1000 	1000 	24.04	1.50944 	23   	30   	1286.52	236.255	385.422	1698.71
183	25    	1.22764  	0.0154152	1.21774   	1.29615	1000  	0      	1000 	1000 	24.06	1.50213 	23   	30   	1295.74	242.606	385.422	1698.71
184	25    	1.22771  	0.0153874	1.21774   	1.29615	1000  	0      	1000 	1000 	24.07	1.49837 	23   	30   	1299.42	244.307	385.422	1698.71
185	25    	1.22778  	0.0153541	1.21774   	1.29615	1000  	0      	1000 	1000 	24.08	1.49452 	23   	30   	1302.27	246.344	385.422	1698.71
186	25    	1.22814  	0.0154098	1.2185    	1.29615	1000  	0      	1000 	1000 	24.12	1.49853 	23   	30   	1305.57	250.154	385.422	1698.71
187	25    	1.22854  	0.0156639	1.2185    	1.29615	1000  	0      	1000 	1000 	24.16	1.52132 	23   	30   	1305.58	250.185	385.422	1698.71
188	25    	1.22905  	0.0161368	1.2185    	1.29615	1000  	0      	1000 	1000 	24.21	1.56394 	23   	30   	1305.17	250.477	385.422	1698.71
189	25    	1.2291   	0.0161127	1.21858   	1.29615	1000  	0      	1000 	1000 	24.22	1.55936 	23   	30   	1310.46	252.875	385.422	1698.71
190	25    	1.22942  	0.0161506	1.21858   	1.29615	1000  	0      	1000 	1000 	24.26	1.55962 	23   	30   	1317.53	254.449	385.422	1698.71
191	25    	1.22947  	0.0161268	1.21858   	1.29615	1000  	0      	1000 	1000 	24.27	1.5547  	23   	30   	1323.09	256.63 	385.422	1698.71
192	25    	1.22947  	0.0161268	1.21858   	1.29615	1000  	0      	1000 	1000 	24.27	1.5547  	23   	30   	1323.09	256.63 	385.422	1698.71
193	25    	1.22956  	0.0160765	1.21858   	1.29615	1000  	0      	1000 	1000 	24.29	1.54464 	23   	30   	1333.88	260.837	385.422	1698.71
194	25    	1.22961  	0.0160522	1.21858   	1.29615	1000  	0      	1000 	1000 	24.3 	1.53948 	23   	30   	1339.45	262.619	385.422	1698.71
195	25    	1.23011  	0.016481 	1.21858   	1.29615	1000  	0      	1000 	1000 	24.35	1.57718 	23   	30   	1338.6 	263.305	385.422	1698.71
196	25    	1.23011  	0.016481 	1.21858   	1.29615	1000  	0      	1000 	1000 	24.35	1.57718 	23   	30   	1338.6 	263.305	385.422	1698.71
