continuous_simulation_ga,6310559008675786692,start,2019-03-25 18:24:11.490675,end,2019-03-25 19:57:05.128764,total,1:32:53.638089
continuous_simulation_ga,5336125012944388384,start,2019-03-25 19:57:05.149205,end,2019-03-25 22:08:36.259601,total,2:11:31.110396
continuous_simulation_ga,2771715673280753451,start,2019-03-25 22:08:36.267442,end,2019-03-25 23:34:29.418163,total,1:25:53.150721
continuous_simulation_ga,5813223824419007940,start,2019-03-25 23:34:29.438787,end,2019-03-26 01:35:14.801612,total,2:00:45.362825
continuous_simulation_ga,2430502277114615058,start,2019-03-26 01:35:14.816421,end,2019-03-26 02:48:16.859106,total,1:13:02.042685
continuous_simulation_ga,2814502885831297315,start,2019-03-26 02:48:16.877616,end,2019-03-26 04:09:22.665319,total,1:21:05.787703
continuous_simulation_ga,1846302849483593299,start,2019-03-26 04:09:22.684366,end,2019-03-26 06:50:36.014449,total,2:41:13.330083
continuous_simulation_ga,3830110189303501434,start,2019-03-26 06:50:36.026728,end,2019-03-26 08:27:12.869490,total,1:36:36.842762
continuous_simulation_ga,381542454200005640,start,2019-03-26 08:27:12.884782,end,2019-03-26 10:18:01.035979,total,1:50:48.151197
continuous_simulation_ga,2793128764619923396,start,2019-03-26 10:18:01.055479,end,2019-03-26 11:38:38.418090,total,1:20:37.362611
