gen	nevals	avg     	std       	min        	max    	p-avg	p-std   	p-min	p-max	s-avg   	s-std   	s-min      	s-max  	t-avg  	t-std  	t-min   	t-max  
0  	100   	0.157955	0.36828   	-0.135305  	1.03566	0.16 	0.366606	0    	1    	0.813932	0.776637	-0.211841  	4.99325	1018.48	2134.6 	-227.748	14075.9
1  	25    	0.191629	0.389529  	-0.00426737	1.03566	0.19 	0.392301	0    	1    	0.884248	0.760126	-0.122733  	4.99325	721.343	1490.58	-227.748	12288.4
2  	25    	0.202958	0.396521  	-0.00183452	1.03566	0.2  	0.4     	0    	1    	1.02779 	0.697208	-0.122733  	4.99325	731.945	1489.63	-227.748	12288.4
3  	25    	0.243659	0.423288  	0.000123261	1.03566	0.24 	0.427083	0    	1    	1.11227 	0.675597	-0.122733  	4.99325	746.407	1510.52	-646.129	12288.4
4  	25    	0.264136	0.434804  	0.00152966 	1.03566	0.26 	0.438634	0    	1    	1.18661 	0.652756	-0.122733  	4.99325	773.024	1505.31	-646.129	12288.4
5  	25    	0.284444	0.444513  	0.00279554 	1.03566	0.28 	0.448999	0    	1    	1.24513 	0.693917	-0.122733  	4.99325	800.744	1525.01	-646.129	12288.4
6  	25    	0.31486 	0.457844  	0.00400353 	1.03566	0.31 	0.462493	0    	1    	1.24479 	0.708303	-0.122733  	4.99325	758.811	1536.32	-646.129	12288.4
7  	25    	0.355895	0.473373  	0.00492447 	1.05333	0.35 	0.47697 	0    	1    	1.32909 	0.90425 	-0.122733  	6.7142 	739.578	1547.96	-646.129	12288.4
8  	25    	0.395162	0.48309   	0.00575877 	1.0679 	0.39 	0.48775 	0    	1    	1.4232  	1.14091 	-0.122733  	8.14139	907.017	2214.96	-646.129	16639.7
9  	25    	0.445347	0.491047  	0.00642801 	1.0679 	0.44 	0.496387	0    	1    	1.38712 	1.1762  	-0.122733  	8.14139	852.424	2249.44	-2319.91	16639.7
10 	25    	0.495224	0.494472  	0.0077007  	1.0679 	0.49 	0.4999  	0    	1    	1.41105 	1.21912 	-0.235338  	8.14139	888.612	2261.36	-2319.91	16639.7
11 	25    	0.524921	0.493892  	0.00817252 	1.0679 	0.52 	0.4996  	0    	1    	1.43163 	1.22783 	-0.235338  	8.14139	939.502	2273.48	-2319.91	16639.7
12 	25    	0.584908	0.487693  	0.00885363 	1.0679 	0.58 	0.493559	0    	1    	1.41289 	1.25612 	-0.235338  	8.14139	922.075	2292.62	-2319.91	16639.7
13 	25    	0.64431 	0.474037  	0.00928885 	1.0679 	0.64 	0.48    	0    	1    	1.40676 	1.26164 	-0.235338  	8.14139	975.748	2286.98	-2319.91	16639.7
14 	25    	0.693976	0.456329  	0.0104012  	1.0679 	0.69 	0.462493	0    	1    	1.42458 	1.31319 	-0.235338  	8.14139	1026.99	2350.53	-2319.91	16639.7
15 	25    	0.753367	0.42662   	0.0110333  	1.0679 	0.75 	0.433013	0    	1    	1.47312 	1.31922 	-0.235338  	8.14139	1136.38	2385.36	-2319.91	16639.7
16 	25    	0.822923	0.378067  	0.0129981  	1.0679 	0.82 	0.384187	0    	1    	1.48209 	1.3501  	-0.235338  	8.14139	1189.83	2389.64	-2319.91	16639.7
17 	25    	0.941258	0.233321  	0.0188334  	1.0679 	0.94 	0.237487	0    	1    	1.42457 	1.34743 	-0.235338  	8.14139	1298.75	2367.4 	-2319.91	16639.7
18 	25    	0.980623	0.138213  	0.0214569  	1.0679 	0.98 	0.14    	0    	1    	1.4319  	1.35471 	-0.235338  	8.14139	1369.62	2337.11	-2319.91	16639.7
19 	25    	1.00475 	0.0139831 	0.980189   	1.0679 	1    	0       	1    	1    	1.42623 	1.45605 	-0.235338  	8.14139	950.877	776.779	-487.806	3243.61
20 	25    	1.00574 	0.0132757 	0.986232   	1.0679 	1    	0       	1    	1    	1.42013 	1.46435 	-0.235338  	8.14139	846.027	652.206	-487.806	2894.08
21 	25    	1.00672 	0.0127288 	0.993321   	1.0679 	1    	0       	1    	1    	1.4394  	1.4698  	-0.235338  	8.14139	767.53 	601.572	-487.806	2894.08
22 	25    	1.00811 	0.0129929 	0.995075   	1.0679 	1    	0       	1    	1    	1.57814 	1.53939 	-0.235338  	8.14139	767.207	597.282	-487.806	2894.08
23 	25    	1.00835 	0.012818  	0.996204   	1.0679 	1    	0       	1    	1    	1.5999  	1.52331 	-0.235338  	8.14139	764.507	584.844	-487.806	2894.08
24 	25    	1.00861 	0.0126328 	0.997251   	1.0679 	1    	0       	1    	1    	1.64225 	1.50759 	-0.235338  	8.14139	781.682	598.151	-487.806	2894.08
25 	25    	1.00897 	0.0124139 	0.998086   	1.0679 	1    	0       	1    	1    	1.70214 	1.4662  	0.0910054  	8.14139	804.969	595.328	-487.806	2894.08
26 	25    	1.00929 	0.0122986 	0.998201   	1.0679 	1    	0       	1    	1    	1.74    	1.44981 	0.0910054  	8.14139	810.521	590.781	-487.806	2894.08
27 	25    	1.00975 	0.0120868 	0.999043   	1.0679 	1    	0       	1    	1    	1.77887 	1.43734 	0.0910054  	8.14139	804.272	607.998	-487.806	2894.08
28 	25    	1.01032 	0.0123157 	0.999597   	1.0679 	1    	0       	1    	1    	1.82401 	1.46662 	0.0910054  	8.14139	792.33 	602.235	-487.806	2894.08
29 	25    	1.01069 	0.0121475 	1.00038    	1.0679 	1    	0       	1    	1    	1.85053 	1.46449 	0.0910054  	8.14139	781.461	598.749	-487.806	2894.08
30 	25    	1.0114  	0.0119405 	1.00149    	1.0679 	1    	0       	1    	1    	1.93294 	1.45663 	0.0910054  	8.14139	793.38 	596.026	-487.806	2590.72
31 	25    	1.01255 	0.0125777 	1.00211    	1.0679 	1    	0       	1    	1    	2.04959 	1.53584 	0.0910054  	8.14139	794.573	599.551	-487.806	2590.72
32 	25    	1.01276 	0.012476  	1.00227    	1.0679 	1    	0       	1    	1    	2.07168 	1.53308 	0.0910054  	8.14139	795.549	606.921	-487.806	2590.72
33 	25    	1.01316 	0.0122988 	1.00243    	1.0679 	1    	0       	1    	1    	2.0763  	1.53871 	0.0519697  	8.14139	759.903	653.694	-772.839	2590.72
34 	25    	1.01434 	0.0128615 	1.00267    	1.0679 	1    	0       	1    	1    	2.19439 	1.60117 	-0.00351814	8.14139	759.92 	663.857	-772.839	2590.72
35 	25    	1.01464 	0.0126662 	1.00315    	1.0679 	1    	0       	1    	1    	2.17209 	1.60801 	-0.00351814	8.14139	708.471	641.983	-772.839	2270.56
36 	25    	1.01535 	0.0125379 	1.00371    	1.0679 	1    	0       	1    	1    	2.25045 	1.62194 	-0.00351814	8.14139	715.568	656.145	-772.839	2270.56
37 	25    	1.01656 	0.0128871 	1.00488    	1.0679 	1    	0       	1    	1    	2.42734 	1.66899 	-0.00351814	8.14139	771.239	677.806	-772.839	2270.56
38 	25    	1.01761 	0.0137289 	1.00573    	1.0679 	1    	0       	1    	1    	2.58047 	1.74395 	-0.00351814	8.14139	819.949	678.129	-772.839	2270.56
39 	25    	1.01875 	0.0155177 	1.0062     	1.09463	1    	0       	1    	1    	2.68702 	1.88017 	-0.00351814	10.0473	811.678	691.055	-772.839	2270.56
40 	25    	1.01992 	0.0159373 	1.00666    	1.09463	1    	0       	1    	1    	2.82027 	1.91882 	-0.00351814	10.0473	828.524	677.434	-772.839	2270.56
41 	25    	1.02161 	0.0173946 	1.00755    	1.09557	1    	0       	1    	1    	3.00433 	2.0358  	0.31324    	10.1702	843.819	714.562	-1001.51	2635.05
42 	25    	1.02301 	0.0181132 	1.00787    	1.09557	1    	0       	1    	1    	3.15058 	2.10885 	0.31324    	10.1702	849.969	731.04 	-1001.51	2635.05
43 	25    	1.02346 	0.0179988 	1.00894    	1.09557	1    	0       	1    	1    	3.21755 	2.07387 	0.463826   	10.1702	871.999	713.855	-1001.51	2635.05
44 	25    	1.02452 	0.0178487 	1.00923    	1.09557	1    	0       	1    	1    	3.32667 	2.09089 	0.243417   	10.1702	874.875	734.228	-1001.51	2635.05
45 	25    	1.02555 	0.0177403 	1.01055    	1.09557	1    	0       	1    	1    	3.44074 	2.07838 	0.515116   	10.1702	885.4  	739.606	-1180.28	2635.05
46 	25    	1.02612 	0.017601  	1.01127    	1.09557	1    	0       	1    	1    	3.4789  	2.08285 	0.652806   	10.1702	866.514	740.892	-1180.28	2635.05
47 	25    	1.02713 	0.017511  	1.01178    	1.09557	1    	0       	1    	1    	3.63813 	2.04065 	0.721025   	10.1702	925.398	709.462	-1180.28	2635.05
48 	25    	1.02731 	0.0173844 	1.01199    	1.09557	1    	0       	1    	1    	3.67163 	2.02181 	0.721025   	10.1702	940.486	713.799	-1180.28	2635.05
49 	25    	1.02844 	0.0170065 	1.01259    	1.09557	1    	0       	1    	1    	3.86433 	1.97059 	0.721025   	10.1702	1020.58	731.142	-1180.28	2830.29
50 	25    	1.0299  	0.0178348 	1.01345    	1.09557	1    	0       	1    	1    	4.00178 	2.04908 	0.721025   	10.1702	1012.01	740.521	-1180.28	2830.29
51 	25    	1.0308  	0.0177058 	1.0146     	1.09557	1    	0       	1    	1    	4.09934 	2.02739 	0.791517   	10.1702	1019.57	702.94 	-1180.28	2830.29
52 	25    	1.03093 	0.0176073 	1.01489    	1.09557	1    	0       	1    	1    	4.14477 	1.99333 	0.791517   	10.1702	1051.66	693.822	-1180.28	2830.29
53 	25    	1.03201 	0.0175138 	1.01627    	1.09557	1    	0       	1    	1    	4.30115 	1.9583  	0.791517   	10.1702	1100.27	691.609	-1180.28	2830.29
54 	25    	1.03411 	0.0182753 	1.01657    	1.09557	1    	0       	1    	1    	4.58478 	1.99624 	0.791517   	10.2429	1173.65	735.896	-1180.28	3875.55
55 	25    	1.03544 	0.018514  	1.01752    	1.09557	1    	0       	1    	1    	4.73684 	1.9925  	0.791517   	10.2429	1192.49	729.25 	-1180.28	3875.55
56 	25    	1.03664 	0.0185925 	1.01778    	1.09557	1    	0       	1    	1    	4.86691 	2.00345 	0.791517   	10.2429	1203.29	733.471	-1180.28	3875.55
57 	25    	1.03755 	0.0183556 	1.01806    	1.09557	1    	0       	1    	1    	4.99811 	1.90469 	0.917488   	10.2429	1243.06	667.532	-1180.28	3875.55
58 	25    	1.03845 	0.0181625 	1.01903    	1.09557	1    	0       	1    	1    	5.10582 	1.86471 	0.917488   	10.2429	1261.29	680.957	-1180.28	3875.55
59 	25    	1.03923 	0.0179464 	1.02086    	1.09557	1    	0       	1    	1    	5.20603 	1.82685 	0.917488   	10.2429	1282.6 	687.584	-1180.28	3875.55
60 	25    	1.04091 	0.0187894 	1.02119    	1.09557	1    	0       	1    	1    	5.38157 	1.83405 	2.33848    	10.2429	1290.1 	649.724	135.277 	3875.55
61 	25    	1.0428  	0.0187685 	1.02307    	1.09557	1    	0       	1    	1    	5.57771 	1.80018 	2.50505    	10.2429	1297.4 	623.417	187.489 	3875.55
62 	25    	1.04318 	0.018688  	1.02311    	1.09557	1    	0       	1    	1    	5.60491 	1.79078 	2.50505    	10.2429	1286.42	626.249	187.489 	3875.55
63 	25    	1.04583 	0.0182812 	1.02444    	1.09557	1    	0       	1    	1    	5.81895 	1.7209  	3.23968    	10.2429	1235.99	595.288	312.038 	3875.55
64 	25    	1.04702 	0.0181778 	1.02481    	1.09557	1    	0       	1    	1    	5.91795 	1.69944 	3.23968    	10.2429	1215.69	607.887	127.286 	3875.55
65 	25    	1.04909 	0.0179147 	1.02606    	1.09557	1    	0       	1    	1    	6.10585 	1.68544 	2.3063     	10.2429	1197.25	631.591	-553.001	3875.55
66 	25    	1.05054 	0.0177448 	1.02692    	1.09557	1    	0       	1    	1    	6.21032 	1.66369 	2.3063     	10.2429	1156.55	633.309	-553.001	3875.55
67 	25    	1.05102 	0.0173802 	1.02859    	1.09557	1    	0       	1    	1    	6.24483 	1.65729 	2.3063     	10.2429	1142.55	646.461	-553.001	3875.55
68 	25    	1.05199 	0.0166966 	1.03007    	1.09557	1    	0       	1    	1    	6.32673 	1.58675 	3.40015    	10.2429	1128.19	604.76 	127.286 	3875.55
69 	25    	1.05376 	0.016037  	1.03212    	1.09557	1    	0       	1    	1    	6.45929 	1.56181 	3.40015    	10.2429	1083.78	604.135	-275.81 	3875.55
70 	25    	1.05458 	0.0159812 	1.03213    	1.09557	1    	0       	1    	1    	6.53935 	1.57058 	3.40015    	10.2429	1080.85	603.185	-275.81 	3875.55
71 	25    	1.05539 	0.0155803 	1.03271    	1.09557	1    	0       	1    	1    	6.64826 	1.50809 	4.10847    	10.2429	1108.99	599.785	-275.81 	3875.55
72 	25    	1.05666 	0.0152277 	1.0354     	1.09557	1    	0       	1    	1    	6.73763 	1.49235 	4.10847    	10.2429	1072.1 	523.498	-275.81 	2707.85
73 	25    	1.05739 	0.0149436 	1.03615    	1.09557	1    	0       	1    	1    	6.79185 	1.46842 	4.25636    	10.2429	1052.72	525.859	-275.81 	2707.85
74 	25    	1.05897 	0.0141924 	1.03903    	1.09557	1    	0       	1    	1    	6.92983 	1.39181 	4.25636    	10.2429	1033.09	526.826	-275.81 	2707.85
75 	25    	1.06019 	0.0138326 	1.03961    	1.09557	1    	0       	1    	1    	7.04751 	1.36801 	4.55872    	10.2429	1028.33	535.865	-275.81 	2707.85
76 	25    	1.06039 	0.0136778 	1.04041    	1.09557	1    	0       	1    	1    	7.0599  	1.35491 	4.55872    	10.2429	1021.35	540.293	-275.81 	2707.85
77 	25    	1.06158 	0.0128575 	1.04313    	1.09557	1    	0       	1    	1    	7.16406 	1.31214 	4.55872    	10.2429	1005.59	547.368	-275.81 	2707.85
78 	25    	1.06214 	0.0125201 	1.04499    	1.09557	1    	0       	1    	1    	7.20875 	1.2968  	4.55872    	10.2429	995.132	550.971	-275.81 	2707.85
79 	25    	1.06288 	0.01225   	1.04572    	1.09557	1    	0       	1    	1    	7.26649 	1.25683 	4.96073    	10.2429	978.816	520.618	-275.81 	2558.17
80 	25    	1.06459 	0.0124437 	1.04803    	1.09557	1    	0       	1    	1    	7.4054  	1.277   	5.28971    	10.3927	946.829	532.988	-290.458	2558.17
81 	25    	1.06555 	0.0118051 	1.04984    	1.09557	1    	0       	1    	1    	7.51782 	1.192   	5.42321    	10.3927	962.74 	546.56 	-290.458	2558.17
82 	25    	1.06628 	0.011587  	1.05138    	1.09557	1    	0       	1    	1    	7.57883 	1.19537 	5.42321    	10.3927	950.443	540.025	-290.458	2558.17
83 	25    	1.06696 	0.0113137 	1.05172    	1.09557	1    	0       	1    	1    	7.64918 	1.18626 	5.42321    	10.3927	952.796	549.621	-290.458	2558.17
84 	25    	1.06791 	0.0110548 	1.05259    	1.09557	1    	0       	1    	1    	7.73772 	1.1568  	5.42321    	10.3927	946.832	553.734	-290.458	2558.17
85 	25    	1.06859 	0.0106884 	1.05321    	1.09557	1    	0       	1    	1    	7.78121 	1.1387  	5.42321    	10.3927	922.307	521.151	-290.458	2282.93
86 	25    	1.06916 	0.0104691 	1.05346    	1.09557	1    	0       	1    	1    	7.79482 	1.14783 	5.42321    	10.3927	879.176	530.599	-451.958	2282.93
87 	25    	1.06977 	0.0100847 	1.05553    	1.09557	1    	0       	1    	1    	7.85199 	1.12168 	5.42321    	10.3927	874.589	534.736	-451.958	2282.93
88 	25    	1.0708  	0.00968123	1.05645    	1.09557	1    	0       	1    	1    	7.94293 	1.09958 	5.42321    	10.3927	862.618	527.749	-451.958	2282.93
89 	25    	1.07099 	0.00958259	1.05714    	1.09557	1    	0       	1    	1    	7.96848 	1.08223 	5.42321    	10.3927	869.406	524.729	-451.958	2282.93
90 	25    	1.07153 	0.00920379	1.05782    	1.09557	1    	0       	1    	1    	8.06208 	1.0257  	5.66866    	10.3927	908.695	518.909	-451.958	2282.93
91 	25    	1.07171 	0.00906045	1.05782    	1.09557	1    	0       	1    	1    	8.09122 	0.995127	5.66866    	10.3927	920.593	522.968	-451.958	2282.93
92 	25    	1.07216 	0.0089569 	1.05826    	1.09557	1    	0       	1    	1    	8.12478 	0.981549	5.66866    	10.3927	909.244	516.345	-451.958	2282.93
93 	25    	1.07326 	0.00885617	1.05947    	1.09557	1    	0       	1    	1    	8.24291 	0.910694	5.66866    	10.3927	916.635	508.749	-451.958	2282.93
94 	25    	1.07406 	0.00829234	1.06073    	1.09557	1    	0       	1    	1    	8.32155 	0.830764	5.66866    	10.3927	915.757	501.079	-451.958	2084.99
95 	25    	1.07469 	0.00779516	1.0622     	1.09557	1    	0       	1    	1    	8.38893 	0.758867	6.60619    	10.3927	920.018	486.643	-17.2883	2084.99
96 	25    	1.07485 	0.00764974	1.06302    	1.09557	1    	0       	1    	1    	8.41097 	0.762596	6.60619    	10.3927	926.12 	498.024	-17.2883	2110.94
97 	25    	1.07495 	0.00752908	1.06421    	1.09557	1    	0       	1    	1    	8.40248 	0.773624	6.60619    	10.3927	907.976	501.926	-17.2883	2110.94
98 	25    	1.07507 	0.00740111	1.06451    	1.09557	1    	0       	1    	1    	8.41451 	0.765651	6.60619    	10.3927	907.403	505.345	-17.2883	2110.94
99 	25    	1.07558 	0.0070262 	1.06574    	1.09557	1    	0       	1    	1    	8.45119 	0.73298 	6.60619    	10.3927	893.355	488.249	-17.2883	2084.99
100	25    	1.07558 	0.0070262 	1.06574    	1.09557	1    	0       	1    	1    	8.45119 	0.73298 	6.60619    	10.3927	893.355	488.249	-17.2883	2084.99
101	25    	1.0756  	0.00699173	1.0662     	1.09557	1    	0       	1    	1    	8.43673 	0.759293	6.60619    	10.3927	876.269	501.239	-17.2883	2084.99
102	25    	1.07632 	0.00686077	1.06683    	1.09557	1    	0       	1    	1    	8.49287 	0.711035	6.78028    	10.3927	860.661	473.321	60.4913 	2084.99
103	25    	1.07632 	0.00686077	1.06683    	1.09557	1    	0       	1    	1    	8.49287 	0.711035	6.78028    	10.3927	860.661	473.321	60.4913 	2084.99
104	25    	1.07645 	0.00673733	1.0679     	1.09557	1    	0       	1    	1    	8.51767 	0.683885	6.87251    	10.3927	872.581	475.174	72.0422 	2084.99
105	25    	1.07662 	0.00663175	1.068      	1.09557	1    	0       	1    	1    	8.51688 	0.684629	6.87251    	10.3927	855.26 	475.563	72.0422 	2084.99
106	25    	1.07692 	0.00642735	1.06884    	1.09557	1    	0       	1    	1    	8.54216 	0.657594	7.04018    	10.3927	850.032	452.329	127.286 	2084.99
107	25    	1.07718 	0.00638935	1.06896    	1.09557	1    	0       	1    	1    	8.55086 	0.656605	7.04018    	10.3927	832.379	448.701	127.286 	2084.99
108	25    	1.07737 	0.00629195	1.06911    	1.09557	1    	0       	1    	1    	8.56883 	0.665314	7.04018    	10.3927	832.168	461.481	127.286 	2084.99
109	25    	1.07741 	0.00624395	1.06936    	1.09557	1    	0       	1    	1    	8.56544 	0.659944	7.58695    	10.3927	824.493	449.102	130.22  	2084.99
110	25    	1.07752 	0.00615629	1.06959    	1.09557	1    	0       	1    	1    	8.54916 	0.669266	7.51956    	10.3927	797.309	437.524	130.22  	2084.99
111	25    	1.07758 	0.00609397	1.06967    	1.09557	1    	0       	1    	1    	8.53916 	0.674595	7.51956    	10.3927	781.373	425.381	130.22  	2084.99
112	25    	1.0778  	0.00620287	1.0697     	1.09557	1    	0       	1    	1    	8.55897 	0.683442	7.51956    	10.3927	779.094	425.38 	130.22  	2084.99
113	25    	1.07797 	0.0061122 	1.07037    	1.09557	1    	0       	1    	1    	8.55526 	0.682232	7.51956    	10.3927	758.563	414.282	130.22  	2084.99
114	25    	1.07812 	0.00611316	1.07078    	1.09557	1    	0       	1    	1    	8.56958 	0.677178	7.51956    	10.3927	757.456	414.932	130.22  	2084.99
115	25    	1.07829 	0.00597493	1.07144    	1.09557	1    	0       	1    	1    	8.56933 	0.673803	7.51956    	10.3927	740.386	405.092	130.22  	2084.99
116	25    	1.07864 	0.00605662	1.0715     	1.09557	1    	0       	1    	1    	8.5979  	0.671683	7.51956    	10.3927	734.161	408.658	130.22  	2084.99
117	25    	1.07865 	0.00604675	1.07216    	1.09557	1    	0       	1    	1    	8.60692 	0.665846	7.51956    	10.3927	742.288	413.336	130.22  	2084.99
118	25    	1.07884 	0.00604487	1.07216    	1.09557	1    	0       	1    	1    	8.6396  	0.663906	7.51956    	10.3927	755.368	417.361	130.22  	2084.99
119	25    	1.07884 	0.00604487	1.07216    	1.09557	1    	0       	1    	1    	8.6396  	0.663906	7.51956    	10.3927	755.368	417.361	130.22  	2084.99
120	25    	1.07884 	0.00604487	1.07216    	1.09557	1    	0       	1    	1    	8.6396  	0.663906	7.51956    	10.3927	755.368	417.361	130.22  	2084.99
121	25    	1.07914 	0.00594141	1.07217    	1.09557	1    	0       	1    	1    	8.6697  	0.638975	7.51956    	10.3927	755.958	419.393	130.22  	2084.99
122	25    	1.0792  	0.00588235	1.07286    	1.09557	1    	0       	1    	1    	8.66927 	0.636574	7.51956    	10.3927	749.258	405.328	130.22  	1890.7 
123	25    	1.07933 	0.0057931 	1.07287    	1.09557	1    	0       	1    	1    	8.68884 	0.619497	7.51956    	10.3927	755.775	402.934	130.22  	1890.7 
124	25    	1.07948 	0.00572142	1.07298    	1.09557	1    	0       	1    	1    	8.71029 	0.606533	7.65407    	10.3927	762.756	399.953	130.22  	1890.7 
125	25    	1.07953 	0.00567171	1.07302    	1.09557	1    	0       	1    	1    	8.70248 	0.610456	7.65407    	10.3927	749.397	393.99 	130.22  	1890.7 
126	25    	1.07991 	0.00573792	1.07342    	1.09557	1    	0       	1    	1    	8.72129 	0.609538	7.65407    	10.3927	730.316	385.149	130.22  	1890.7 
127	25    	1.07993 	0.00572146	1.07351    	1.09557	1    	0       	1    	1    	8.72513 	0.605101	7.65407    	10.3927	732.493	384.386	130.22  	1890.7 
128	25    	1.08003 	0.00569882	1.07354    	1.09557	1    	0       	1    	1    	8.73559 	0.604089	7.65407    	10.3927	732.478	384.383	130.22  	1890.7 
129	25    	1.08006 	0.00567526	1.07365    	1.09557	1    	0       	1    	1    	8.72695 	0.608457	7.65407    	10.3927	721.266	378.03 	130.22  	1890.7 
130	25    	1.08006 	0.00566888	1.07366    	1.09557	1    	0       	1    	1    	8.72842 	0.606977	7.65407    	10.3927	722.15 	378.034	130.22  	1890.7 
131	25    	1.08017 	0.00564374	1.07383    	1.09557	1    	0       	1    	1    	8.73001 	0.603377	7.65407    	10.3927	713.133	366.707	130.22  	1890.7 
132	25    	1.08024 	0.00560785	1.07395    	1.09557	1    	0       	1    	1    	8.73998 	0.597933	7.65407    	10.3927	716.298	366.438	130.22  	1890.7 
133	25    	1.08036 	0.00552504	1.07421    	1.09557	1    	0       	1    	1    	8.75351 	0.604143	7.65407    	10.3927	717.081	367.92 	130.22  	1890.7 
134	25    	1.08049 	0.00544212	1.07423    	1.09557	1    	0       	1    	1    	8.76954 	0.604555	7.65407    	10.3927	720.26 	374.74 	130.22  	1890.7 
135	25    	1.08058 	0.00539674	1.07425    	1.09557	1    	0       	1    	1    	8.77226 	0.602486	7.65407    	10.3927	714.333	378.355	130.22  	1890.7 
136	25    	1.08066 	0.00533052	1.07444    	1.09557	1    	0       	1    	1    	8.77948 	0.592702	7.72203    	10.3927	713.221	380.046	71.7882 	1890.7 
137	25    	1.08074 	0.0052782 	1.07508    	1.09557	1    	0       	1    	1    	8.7884  	0.583844	7.72203    	10.3927	714.177	376.452	71.7882 	1890.7 
138	25    	1.08088 	0.00521806	1.0751     	1.09557	1    	0       	1    	1    	8.81579 	0.589382	7.72203    	10.3927	728.038	389.557	71.7882 	1890.7 
139	25    	1.08101 	0.00518257	1.07521    	1.09557	1    	0       	1    	1    	8.80934 	0.589307	7.72203    	10.3927	708.731	373.974	71.7882 	1710.3 
140	25    	1.08117 	0.00513868	1.07541    	1.09557	1    	0       	1    	1    	8.81626 	0.588065	7.72203    	10.3927	699.407	373.359	71.7882 	1710.3 
141	25    	1.08124 	0.00510785	1.07541    	1.09557	1    	0       	1    	1    	8.81464 	0.587989	7.72203    	10.3927	690.59 	367.481	71.7882 	1710.3 
142	25    	1.08129 	0.00506776	1.07562    	1.09557	1    	0       	1    	1    	8.82087 	0.579989	7.96144    	10.3927	691.645	364.504	71.7882 	1710.3 
143	25    	1.08135 	0.00502194	1.07572    	1.09557	1    	0       	1    	1    	8.8197  	0.580758	7.96144    	10.3927	684.962	365.134	71.7882 	1710.3 
144	25    	1.08143 	0.00497667	1.07589    	1.09557	1    	0       	1    	1    	8.81343 	0.585183	7.96144    	10.3927	670.397	359.951	71.7882 	1710.3 
145	25    	1.0815  	0.00494852	1.076      	1.09557	1    	0       	1    	1    	8.81826 	0.582789	7.96144    	10.3927	667.879	360.643	71.7882 	1710.3 
146	25    	1.0815  	0.00494852	1.076      	1.09557	1    	0       	1    	1    	8.81826 	0.582789	7.96144    	10.3927	667.879	360.643	71.7882 	1710.3 
147	25    	1.08154 	0.00492099	1.0761     	1.09557	1    	0       	1    	1    	8.81794 	0.58303 	7.96144    	10.3927	663.865	361.416	71.7882 	1710.3 
148	25    	1.08161 	0.00489227	1.0761     	1.09557	1    	0       	1    	1    	8.82351 	0.577757	7.96144    	10.3927	662.642	362.571	71.7882 	1710.3 
149	25    	1.08179 	0.00485161	1.07617    	1.09557	1    	0       	1    	1    	8.8418  	0.565723	7.96144    	10.3927	662.993	362.463	71.7882 	1710.3 
150	25    	1.08179 	0.00484446	1.07627    	1.09557	1    	0       	1    	1    	8.84138 	0.566273	7.96144    	10.3927	661.924	363.118	71.7882 	1710.3 
151	25    	1.08179 	0.00484446	1.07627    	1.09557	1    	0       	1    	1    	8.84138 	0.566273	7.96144    	10.3927	661.924	363.118	71.7882 	1710.3 
152	25    	1.08181 	0.00482547	1.07631    	1.09557	1    	0       	1    	1    	8.84359 	0.564134	7.96144    	10.3927	662.104	363.071	71.7882 	1710.3 
153	25    	1.08194 	0.00477289	1.07631    	1.09557	1    	0       	1    	1    	8.85001 	0.55759 	7.96144    	10.3927	656.355	356.736	71.7882 	1710.3 
154	25    	1.08194 	0.0047665 	1.07635    	1.09557	1    	0       	1    	1    	8.85795 	0.55112 	7.96144    	10.3927	663.723	358.43 	71.7882 	1710.3 
155	25    	1.08208 	0.00480328	1.07635    	1.09557	1    	0       	1    	1    	8.86838 	0.552965	7.96144    	10.3927	660.298	358.711	71.7882 	1710.3 
156	25    	1.0821  	0.00478215	1.07643    	1.09557	1    	0       	1    	1    	8.8623  	0.559294	7.96144    	10.3927	652.257	359.916	71.7882 	1710.3 
157	25    	1.08229 	0.00467004	1.07666    	1.09557	1    	0       	1    	1    	8.8803  	0.551664	7.96144    	10.3927	651.29 	356.524	71.7882 	1710.3 
158	25    	1.08229 	0.00466584	1.07668    	1.09557	1    	0       	1    	1    	8.88081 	0.551274	7.96144    	10.3927	651.44 	356.575	71.7882 	1710.3 
159	25    	1.08239 	0.00464974	1.07676    	1.09557	1    	0       	1    	1    	8.88756 	0.547885	7.96144    	10.3927	648.398	358.273	71.7882 	1710.3 
160	25    	1.08239 	0.00464974	1.07676    	1.09557	1    	0       	1    	1    	8.88756 	0.547885	7.96144    	10.3927	648.398	358.273	71.7882 	1710.3 
161	25    	1.08265 	0.00453136	1.07702    	1.09557	1    	0       	1    	1    	8.92704 	0.540592	7.96144    	10.3927	661.773	366.298	71.7882 	1710.3 
162	25    	1.08275 	0.00451017	1.07703    	1.09557	1    	0       	1    	1    	8.93155 	0.53875 	7.96144    	10.3927	656.982	367.833	71.7882 	1710.3 
163	25    	1.08277 	0.00448589	1.07747    	1.09557	1    	0       	1    	1    	8.93127 	0.538984	7.96144    	10.3927	654.295	367.891	71.7882 	1710.3 
164	25    	1.08282 	0.00445453	1.07767    	1.09557	1    	0       	1    	1    	8.93051 	0.539027	7.96144    	10.3927	648.778	363.906	71.7882 	1710.3 
165	25    	1.08289 	0.00440067	1.07767    	1.09557	1    	0       	1    	1    	8.93449 	0.537566	7.96144    	10.3927	645.529	363.161	71.7882 	1710.3 
166	25    	1.08292 	0.00437344	1.07767    	1.09557	1    	0       	1    	1    	8.94631 	0.543668	7.96144    	10.3927	653.998	377.686	71.7882 	1710.3 
167	25    	1.08295 	0.00434847	1.07774    	1.09557	1    	0       	1    	1    	8.94232 	0.547434	7.96144    	10.3927	647.19 	380.01 	71.7882 	1710.3 
168	25    	1.08302 	0.004294  	1.07775    	1.09557	1    	0       	1    	1    	8.95502 	0.541911	7.96144    	10.3927	653.322	385.524	71.7882 	1710.3 
169	25    	1.08302 	0.004294  	1.07775    	1.09557	1    	0       	1    	1    	8.95502 	0.541911	7.96144    	10.3927	653.322	385.524	71.7882 	1710.3 
170	25    	1.0831  	0.00426642	1.07789    	1.09557	1    	0       	1    	1    	8.97081 	0.530212	7.96144    	10.3927	660.631	387.432	71.7882 	1710.3 
171	25    	1.08316 	0.0042349 	1.07789    	1.09557	1    	0       	1    	1    	8.97366 	0.530644	7.96144    	10.3927	657.382	384.907	71.7882 	1710.3 
172	25    	1.08316 	0.00423261	1.07795    	1.09557	1    	0       	1    	1    	8.96582 	0.537265	7.96144    	10.3927	649.36 	383.505	71.7882 	1710.3 
173	25    	1.08319 	0.00420112	1.07807    	1.09557	1    	0       	1    	1    	8.97861 	0.529169	7.96144    	10.3927	659.149	385.979	71.7882 	1710.3 
174	25    	1.08322 	0.00417475	1.07807    	1.09557	1    	0       	1    	1    	8.99571 	0.515255	7.96144    	10.3927	673.677	387.499	71.7882 	1710.3 
175	25    	1.08326 	0.00413614	1.07861    	1.09557	1    	0       	1    	1    	9.00857 	0.49958 	8.04826    	10.3927	682.864	382.941	71.7882 	1710.3 
176	25    	1.08334 	0.00412238	1.07865    	1.09557	1    	0       	1    	1    	9.00956 	0.499366	8.04826    	10.3927	675.915	383.588	71.7882 	1710.3 
177	25    	1.08351 	0.00407875	1.07911    	1.09557	1    	0       	1    	1    	9.01577 	0.495369	8.04826    	10.3927	664.584	383.115	71.7882 	1710.3 
178	25    	1.08355 	0.00405513	1.07911    	1.09557	1    	0       	1    	1    	9.01911 	0.492417	8.04826    	10.3927	664.109	383.344	71.7882 	1710.3 
179	25    	1.08361 	0.00403207	1.07915    	1.09557	1    	0       	1    	1    	9.01837 	0.492694	8.04826    	10.3927	657.754	383.647	71.7882 	1710.3 
180	25    	1.08378 	0.00403569	1.07917    	1.09557	1    	0       	1    	1    	9.02221 	0.506211	8.04826    	10.3927	644.517	388.846	71.7882 	1710.3 
181	25    	1.08392 	0.00406846	1.07944    	1.09557	1    	0       	1    	1    	9.04361 	0.507956	8.04826    	10.3927	651.212	391.939	71.7882 	1710.3 
182	25    	1.08409 	0.00397053	1.07976    	1.09557	1    	0       	1    	1    	9.06416 	0.492312	8.04826    	10.3927	655.02 	392.211	71.7882 	1710.3 
183	25    	1.08417 	0.00391809	1.07981    	1.09557	1    	0       	1    	1    	9.06167 	0.484594	8.19894    	10.3927	644.343	383.093	126.371 	1710.3 
184	25    	1.08417 	0.00391809	1.07981    	1.09557	1    	0       	1    	1    	9.06167 	0.484594	8.19894    	10.3927	644.343	383.093	126.371 	1710.3 
185	25    	1.08422 	0.00389346	1.07981    	1.09557	1    	0       	1    	1    	9.05628 	0.487358	8.19894    	10.3927	634.64 	383.749	126.371 	1710.3 
186	25    	1.08433 	0.00385365	1.07996    	1.09557	1    	0       	1    	1    	9.06426 	0.488275	8.19894    	10.3927	631.19 	384.389	126.371 	1710.3 
187	25    	1.08436 	0.00383258	1.08007    	1.09557	1    	0       	1    	1    	9.06331 	0.488768	8.19894    	10.3927	627.597	383.909	126.371 	1710.3 
188	25    	1.08443 	0.00378591	1.08007    	1.09557	1    	0       	1    	1    	9.06184 	0.489487	8.19894    	10.3927	619.326	383.302	126.371 	1710.3 
189	25    	1.08443 	0.00377612	1.0801     	1.09557	1    	0       	1    	1    	9.07129 	0.4947  	8.19894    	10.3927	627.828	397.669	126.371 	1710.3 
190	25    	1.08464 	0.00369637	1.08062    	1.09557	1    	0       	1    	1    	9.0763  	0.486876	8.19894    	10.3927	612.135	381.877	126.371 	1710.3 
191	25    	1.08464 	0.00369637	1.08062    	1.09557	1    	0       	1    	1    	9.0763  	0.486876	8.19894    	10.3927	612.135	381.877	126.371 	1710.3 
192	25    	1.08471 	0.00368281	1.08064    	1.09557	1    	0       	1    	1    	9.06968 	0.483558	8.19894    	10.3927	598.908	370.672	126.371 	1710.3 
193	25    	1.08473 	0.00366393	1.08065    	1.09557	1    	0       	1    	1    	9.06534 	0.482901	8.19894    	10.3927	592.232	359.864	126.371 	1710.3 
194	25    	1.08474 	0.00365175	1.08071    	1.09557	1    	0       	1    	1    	9.06583 	0.482159	8.19894    	10.3927	591.431	360.708	126.371 	1710.3 
195	25    	1.08475 	0.0036456 	1.08071    	1.09557	1    	0       	1    	1    	9.06848 	0.482928	8.19894    	10.3927	593.485	363.623	126.371 	1710.3 
196	25    	1.0848  	0.00361659	1.0808     	1.09557	1    	0       	1    	1    	9.08292 	0.475284	8.22821    	10.3927	603.213	363.294	128.372 	1710.3 
gen	nevals	avg      	std     	min        	max    	p-avg	p-std   	p-min	p-max	s-avg	s-std  	s-min	s-max	t-avg  	t-std  	t-min  	t-max  
0  	100   	0.0138175	0.168119	-0.6684    	1.0881 	0.02 	0.14    	0    	1    	0.9  	1.36748	0    	10   	1518.25	7183.98	27.921 	67840  
1  	25    	0.0208776	0.153632	-0.183958  	1.0881 	0.02 	0.14    	0    	1    	0.91 	1.36451	0    	10   	822.237	2781.09	27.921 	20395.8
2  	25    	0.0322536	0.181179	-0.183958  	1.0881 	0.03 	0.170587	0    	1    	1.09 	1.41489	0    	10   	864.641	2781.11	27.872 	20395.8
3  	25    	0.0232781	0.153447	-0.183958  	1.0881 	0.02 	0.14    	0    	1    	1.19 	1.41206	0    	10   	862.192	2777.1 	27.872 	20395.8
4  	25    	0.0234694	0.15347 	-0.183958  	1.0881 	0.02 	0.14    	0    	1    	1.26 	1.3829 	0    	10   	913.061	2796.48	27.872 	20395.8
5  	25    	0.0238753	0.153424	-0.183958  	1.0881 	0.02 	0.14    	0    	1    	1.29 	1.38054	0    	10   	902.474	2802.81	27.872 	20395.8
6  	25    	0.0241174	0.15341 	-0.183958  	1.0881 	0.02 	0.14    	0    	1    	1.28 	1.40057	0    	10   	868.264	2807.7 	8.025  	20395.8
7  	25    	0.0244505	0.153494	-0.183958  	1.0881 	0.02 	0.14    	0    	1    	1.32 	1.50253	0    	10   	874.952	2809.08	8.025  	20395.8
8  	25    	0.0343655	0.180796	-0.183958  	1.0881 	0.03 	0.170587	0    	1    	1.39 	1.50263	0    	10   	953.451	2832.44	8.025  	20395.8
9  	25    	0.034135 	0.180855	-0.183958  	1.0881 	0.03 	0.170587	0    	1    	1.35 	1.53216	0    	10   	936.503	2836.52	8.025  	20395.8
10 	25    	0.0339526	0.180925	-0.183958  	1.0881 	0.03 	0.170587	0    	1    	1.37 	1.58528	0    	10   	974.745	2837.11	8.025  	20395.8
11 	25    	0.0339125	0.180933	-0.183958  	1.0881 	0.03 	0.170587	0    	1    	1.36 	1.58442	0    	10   	968.747	2834.09	8.025  	20395.8
12 	25    	0.0338156	0.180962	-0.183958  	1.0881 	0.03 	0.170587	0    	1    	1.37 	1.61031	0    	10   	988.44 	2831.94	8.025  	20395.8
13 	25    	0.0332878	0.181046	-0.183958  	1.0881 	0.03 	0.170587	0    	1    	1.35 	1.61478	0    	10   	1021.22	2829.69	37.486 	20395.8
14 	25    	0.0458942	0.225309	-0.183958  	1.37506	0.04 	0.195959	0    	1    	1.73 	3.98962	0    	38   	1140.58	2987.23	37.486 	20395.8
15 	25    	0.0460663	0.225325	-0.183958  	1.37506	0.04 	0.195959	0    	1    	1.81 	3.99423	0    	38   	1203.37	2998.92	37.486 	20395.8
16 	25    	0.0453403	0.225423	-0.183958  	1.37506	0.04 	0.195959	0    	1    	1.76 	3.99029	0    	38   	1225.97	2992.66	37.712 	20395.8
17 	25    	0.043909 	0.225642	-0.183958  	1.37506	0.04 	0.195959	0    	1    	1.67 	3.99013	0    	38   	1279.1 	2983.43	108.921	20395.8
18 	25    	0.0440536	0.225615	-0.183958  	1.37506	0.04 	0.195959	0    	1    	1.66 	3.99054	0    	38   	1254.64	2984   	108.921	20395.8
19 	25    	0.0587431	0.248628	-0.0544534 	1.37506	0.05 	0.217945	0    	1    	1.7  	4.2391 	0    	38   	825.686	1007.29	108.921	6445.34
20 	25    	0.0585553	0.24867 	-0.0544534 	1.37506	0.05 	0.217945	0    	1    	1.68 	4.24471	0    	38   	824.466	1008.27	74.998 	6445.34
21 	25    	0.0592408	0.248493	-0.0544534 	1.37506	0.05 	0.217945	0    	1    	1.68 	4.24236	0    	38   	755.924	926.611	74.998 	6445.34
22 	25    	0.059053 	0.248574	-0.0544534 	1.37506	0.05 	0.217945	0    	1    	1.72 	4.23575	0    	38   	814.704	1018.13	74.998 	6445.34
23 	25    	0.0598211	0.248337	-0.0420245 	1.37506	0.05 	0.217945	0    	1    	1.75 	4.22936	0    	38   	767.889	847.92 	74.998 	5202.45
24 	25    	0.0602594	0.248196	-0.0359553 	1.37506	0.05 	0.217945	0    	1    	1.78 	4.22275	0    	38   	754.059	740.688	74.998 	4595.53
25 	25    	0.0605916	0.248123	-0.0359553 	1.37506	0.05 	0.217945	0    	1    	1.84 	4.21122	0    	38   	780.837	735.844	74.998 	4595.53
26 	25    	0.0609463	0.248014	-0.033406  	1.37506	0.05 	0.217945	0    	1    	1.84 	4.2136 	0    	38   	745.37 	625.126	74.998 	4340.6 
27 	25    	0.0614294	0.247878	-0.0113281 	1.37506	0.05 	0.217945	0    	1    	1.87 	4.20632	0    	38   	727.064	528.725	74.998 	2566.84
28 	25    	0.0731644	0.270077	-0.00562692	1.37506	0.06 	0.237487	0    	1    	2.03 	4.43273	0    	38   	713.557	514.552	74.998 	2566.84
29 	25    	0.0734773	0.270015	-0.00562692	1.37506	0.06 	0.237487	0    	1    	2.04 	4.43829	0    	38   	692.274	486.45 	74.998 	2566.84
30 	25    	0.073122 	0.270104	-0.0232754 	1.37506	0.06 	0.237487	0    	1    	2.05 	4.42578	0    	38   	737.804	549.563	74.998 	3327.54
31 	25    	0.0834119	0.28463 	-0.0232754 	1.37506	0.07 	0.255147	0    	1    	2.09 	4.42966	0    	38   	748.806	586.679	74.998 	3327.54
32 	25    	0.0835621	0.284593	-0.0232754 	1.37506	0.07 	0.255147	0    	1    	2.11 	4.42695	0    	38   	753.79 	615.364	74.998 	3327.54
33 	25    	0.0835855	0.284587	-0.0232754 	1.37506	0.07 	0.255147	0    	1    	2.11 	4.42921	0    	38   	751.449	618.269	108.921	3327.54
34 	25    	0.0942635	0.299614	-0.0232754 	1.37506	0.08 	0.271293	0    	1    	2.18 	4.42805	0    	38   	753.653	622.991	108.921	3327.54
35 	25    	0.0944676	0.299554	-0.0232754 	1.37506	0.08 	0.271293	0    	1    	2.2  	4.42041	0    	38   	753.242	633.423	108.921	3327.54
36 	25    	0.105891 	0.31598 	-0.0232754 	1.37506	0.09 	0.286182	0    	1    	2.36 	4.54647	0    	38   	770.861	668.735	80.417 	3327.54
37 	25    	0.128374 	0.346096	-0.0232754 	1.37506	0.11 	0.31289 	0    	1    	2.63 	4.85315	0    	38   	792.623	666.946	80.417 	3327.54
38 	25    	0.138775 	0.356008	-0.0232754 	1.37506	0.12 	0.324962	0    	1    	2.66 	4.84194	0    	38   	782.467	656.723	80.417 	3327.54
39 	25    	0.150115 	0.369488	-0.0232754 	1.37506	0.13 	0.336303	0    	1    	2.8  	4.99199	0    	38   	788.529	655.077	80.417 	3327.54
40 	25    	0.161401 	0.378216	-0.0232754 	1.37506	0.14 	0.346987	0    	1    	2.94 	5.05731	0    	38   	799.877	657.539	80.417 	3327.54
41 	25    	0.193981 	0.408989	-0.0232754 	1.37506	0.17 	0.375633	0    	1    	3.23 	5.31762	0    	38   	831.942	659.748	80.417 	3327.54
42 	25    	0.193793 	0.409082	-0.0232754 	1.37506	0.17 	0.375633	0    	1    	3.22 	5.32086	0    	38   	840.692	696.266	80.417 	3327.54
43 	25    	0.194184 	0.408903	-0.0232754 	1.37506	0.17 	0.375633	0    	1    	3.26 	5.304  	0    	38   	841.603	696.21 	80.417 	3327.54
44 	25    	0.217457 	0.429328	-0.0232754 	1.37506	0.19 	0.392301	0    	1    	3.61 	5.62831	0    	38   	864.279	707.176	80.417 	3327.54
45 	25    	0.217206 	0.42944 	-0.0232754 	1.37506	0.19 	0.392301	0    	1    	3.58 	5.63059	0    	38   	859.437	699.136	80.417 	3327.54
46 	25    	0.226289 	0.436419	-0.0232754 	1.37506	0.2  	0.4     	0    	1    	3.5  	5.62228	0    	38   	871.115	730.596	80.417 	3327.54
47 	25    	0.225633 	0.43676 	-0.0232754 	1.37506	0.2  	0.4     	0    	1    	3.49 	5.62227	0    	38   	926.705	772.442	80.417 	3327.54
48 	25    	0.226123 	0.436555	-0.0232754 	1.37506	0.2  	0.4     	0    	1    	3.57 	5.6165 	0    	38   	957.728	792.504	80.417 	3327.54
49 	25    	0.248125 	0.455729	-0.0232754 	1.37506	0.22 	0.414246	0    	1    	3.81 	6.15905	0    	38   	997.513	821.309	80.417 	3327.54
50 	25    	0.246498 	0.45396 	-0.0232754 	1.37506	0.22 	0.414246	0    	1    	3.67 	6.04327	0    	38   	1020.16	832.777	80.417 	3327.54
51 	25    	0.266279 	0.465308	-0.0232754 	1.37506	0.24 	0.427083	0    	1    	3.69 	6.04267	0    	38   	1062.07	838.033	80.417 	3327.54
52 	25    	0.289411 	0.480735	-0.0232754 	1.37506	0.26 	0.438634	0    	1    	4.03 	6.37723	0    	38   	1088.89	830.51 	80.417 	3327.54
53 	25    	0.312733 	0.495893	-0.0232754 	1.37506	0.28 	0.448999	0    	1    	4.4  	7.20972	0    	38   	1126.69	848.664	71.434 	3327.54
54 	25    	0.365667 	0.51631 	-0.0232754 	1.37506	0.33 	0.470213	0    	1    	4.79 	7.41255	0    	38   	1223.34	881.198	80.417 	3327.54
55 	25    	0.376365 	0.519249	-0.0225332 	1.37506	0.34 	0.473709	0    	1    	4.89 	7.39039	0    	38   	1253.54	866.563	80.417 	3253.32
56 	25    	0.384478 	0.518707	-0.0225332 	1.37506	0.35 	0.47697 	0    	1    	4.73 	7.19285	0    	38   	1282.24	874.169	80.417 	3253.32
57 	25    	0.396512 	0.521664	-0.0403835 	1.37506	0.36 	0.48    	0    	1    	4.96 	7.18877	0    	38   	1308.8 	938.51 	80.417 	5038.35
58 	25    	0.40807  	0.52506 	-0.0403835 	1.37506	0.37 	0.482804	0    	1    	5.14 	7.24157	0    	38   	1333.01	920.606	80.417 	5038.35
59 	25    	0.428739 	0.530658	-0.0403835 	1.37506	0.39 	0.48775 	0    	1    	5.23 	7.28952	0    	38   	1356.05	916.683	31.368 	5038.35
60 	25    	0.460867 	0.537657	-0.0403835 	1.37506	0.42 	0.493559	0    	1    	5.49 	7.59539	0    	38   	1403.33	917.96 	31.368 	5038.35
61 	25    	0.479144 	0.537768	-0.0403835 	1.37506	0.44 	0.496387	0    	1    	5.4  	7.64984	0    	38   	1485.55	970.198	31.368 	5038.35
62 	25    	0.478682 	0.537313	-0.0403835 	1.37506	0.44 	0.496387	0    	1    	5.36 	7.573  	0    	38   	1491.79	966.227	31.368 	5038.35
63 	25    	0.478016 	0.536028	-0.0403835 	1.37506	0.44 	0.496387	0    	1    	5.3  	7.55844	0    	38   	1498.36	969.966	31.368 	5038.35
64 	25    	0.490214 	0.537566	-0.0403835 	1.37506	0.45 	0.497494	0    	1    	5.54 	7.60976	0    	38   	1518.61	979.792	31.368 	5038.35
65 	25    	0.531339 	0.539236	-0.0403835 	1.37506	0.49 	0.4999  	0    	1    	5.75 	7.83246	0    	38   	1616.1 	1058.37	31.368 	5038.35
66 	25    	0.542633 	0.53911 	-0.0403835 	1.37506	0.5  	0.5     	0    	1    	5.87 	7.83027	1    	38   	1606.73	1056.95	180.389	5038.35
67 	25    	0.552315 	0.538234	-0.0403835 	1.37506	0.51 	0.4999  	0    	1    	5.85 	7.82736	1    	38   	1618.54	1061.21	180.389	5038.35
68 	25    	0.540865 	0.536973	-0.0403835 	1.37506	0.5  	0.5     	0    	1    	5.73 	7.81774	1    	38   	1643.51	1051.65	170.639	5038.35
69 	25    	0.595431 	0.537209	-0.0403835 	1.37506	0.55 	0.497494	0    	1    	6.24 	8.21355	1    	38   	1696.88	1085.95	91.358 	5038.35
70 	25    	0.582552 	0.536105	-0.0403835 	1.37506	0.54 	0.498397	0    	1    	5.99 	7.7878 	1    	38   	1734.79	1089.35	91.358 	5038.35
71 	25    	0.599967 	0.530577	-0.0403835 	1.26004	0.56 	0.496387	0    	1    	5.78 	7.16461	1    	27   	1783.26	1060.69	91.358 	5038.35
72 	25    	0.617705 	0.527769	-0.0403835 	1.26004	0.58 	0.493559	0    	1    	5.61 	7.15387	1    	27   	1839.45	1023.36	91.358 	5038.35
73 	25    	0.607531 	0.529225	-0.0403835 	1.26004	0.57 	0.495076	0    	1    	5.6  	7.20555	1    	27   	1846.88	1022.62	91.358 	5038.35
74 	25    	0.622132 	0.53261 	-0.0403835 	1.26004	0.58 	0.493559	0    	1    	6.09 	7.76028	1    	27   	1876.83	1013.38	91.358 	5038.35
75 	25    	0.646337 	0.532339	-0.0403835 	1.26004	0.6  	0.489898	0    	1    	6.56 	8.18697	1    	27   	1926.35	1058.49	91.358 	5038.35
76 	25    	0.646243 	0.532254	-0.0403835 	1.26004	0.6  	0.489898	0    	1    	6.56 	8.18697	1    	27   	1935.73	1052.38	91.358 	5038.35
77 	25    	0.708215 	0.517374	-0.0403835 	1.26004	0.66 	0.473709	0    	1    	6.86 	8.63136	1    	27   	2038.54	1089.49	91.358 	5038.35
78 	25    	0.703195 	0.525489	-0.0403835 	1.26004	0.65 	0.47697 	0    	1    	7.3  	8.90337	1    	27   	1980.52	1019.15	91.358 	5038.35
79 	25    	0.727717 	0.520648	-0.0403835 	1.30233	0.67 	0.470213	0    	1    	7.73 	9.23673	1    	31   	1958.32	1018.92	91.358 	5038.35
80 	25    	0.761463 	0.508113	-0.0238101 	1.30233	0.7  	0.458258	0    	1    	8.08 	9.32382	1    	31   	1933.71	964.058	91.358 	4770.59
81 	25    	0.774047 	0.506471	-0.0238101 	1.38382	0.71 	0.453762	0    	1    	8.39 	9.73334	1    	39   	1985.26	940.813	618.02 	4770.59
82 	25    	0.801119 	0.499126	-0.0238101 	1.38382	0.73 	0.443959	0    	1    	9.09 	10.0261	1    	39   	1978.09	943.717	618.02 	4770.59
83 	25    	0.792316 	0.505938	-0.0238101 	1.38382	0.72 	0.448999	0    	1    	9.22 	10.1859	1    	39   	1988.37	946.214	618.02 	4770.59
84 	25    	0.806317 	0.503448	-0.0238101 	1.38382	0.73 	0.443959	0    	1    	9.64 	10.4274	1    	39   	2008.3 	956.166	618.02 	4770.59
85 	25    	0.822392 	0.500316	-0.0238101 	1.38382	0.74 	0.438634	0    	1    	10.23	10.6385	1    	39   	1990.8 	916.713	618.02 	4770.59
86 	25    	0.857544 	0.481716	-0.0238101 	1.38382	0.77 	0.420833	0    	1    	10.72	10.7472	1    	39   	1965.64	918.184	618.02 	4770.59
87 	25    	0.854694 	0.492133	-0.0238101 	1.38382	0.76 	0.427083	0    	1    	11.44	10.8511	1    	39   	1970.6 	934.1  	74.495 	4770.59
88 	25    	0.881826 	0.479665	-0.0238101 	1.38382	0.78 	0.414246	0    	1    	12.13	10.9084	1    	39   	1947.41	938.293	74.495 	4770.59
89 	25    	0.870656 	0.487554	-0.0238356 	1.38382	0.77 	0.420833	0    	1    	12.03	10.964 	1    	39   	1964.42	948.698	74.495 	4770.59
90 	25    	0.865334 	0.48726 	-0.042434  	1.38382	0.77 	0.420833	0    	1    	11.64	10.8236	1    	39   	2106.59	1132   	618.02 	6243.4 
91 	25    	0.87733  	0.481286	-0.042434  	1.38382	0.78 	0.414246	0    	1    	11.91	10.8251	1    	39   	2176.96	1247.48	618.02 	7520.97
92 	25    	0.900474 	0.465776	-0.042434  	1.38382	0.8  	0.4     	0    	1    	12.21	10.8382	1    	39   	2162.55	1246.4 	618.02 	7520.97
93 	25    	0.909235 	0.457516	-0.042434  	1.38382	0.81 	0.392301	0    	1    	12.11	10.7507	1    	39   	2186.45	1247.26	618.02 	7520.97
94 	25    	0.939298 	0.429465	-0.042434  	1.38382	0.84 	0.366606	0    	1    	12.22	10.7486	1    	39   	2290.24	1318.45	618.02 	7520.97
95 	25    	0.964214 	0.408683	-0.042434  	1.38382	0.86 	0.346987	0    	1    	12.64	10.9367	1    	39   	2218.62	1214.99	618.02 	6243.4 
96 	25    	0.983564 	0.386346	-0.042434  	1.38382	0.88 	0.324962	0    	1    	12.58	10.9674	1    	39   	2223.6 	1207.99	618.02 	6243.4 
97 	25    	0.988535 	0.388135	-0.042434  	1.38382	0.88 	0.324962	0    	1    	13.06	11.0334	1    	39   	2206.47	1217.25	618.02 	6243.4 
98 	25    	0.992862 	0.389713	-0.042434  	1.38382	0.88 	0.324962	0    	1    	13.49	11.1297	1    	39   	2203.77	1216.74	618.02 	6243.4 
99 	25    	0.999663 	0.391723	-0.042434  	1.38382	0.88 	0.324962	0    	1    	14.18	11.1071	1    	39   	2213.71	1219.53	590.361	6243.4 
100	25    	0.999663 	0.391723	-0.042434  	1.38382	0.88 	0.324962	0    	1    	14.18	11.1071	1    	39   	2213.71	1219.53	590.361	6243.4 
101	25    	1.01329  	0.379717	-0.042434  	1.38382	0.89 	0.31289 	0    	1    	14.54	11.1143	1    	39   	2211.2 	1224.17	590.361	6243.4 
102	25    	1.01593  	0.380483	-0.042434  	1.38382	0.89 	0.31289 	0    	1    	14.74	11.1442	1    	39   	2146.97	1218.03	590.361	6243.4 
103	25    	1.01593  	0.380483	-0.042434  	1.38382	0.89 	0.31289 	0    	1    	14.74	11.1442	1    	39   	2146.97	1218.03	590.361	6243.4 
104	25    	1.01059  	0.378908	-0.042434  	1.38382	0.89 	0.31289 	0    	1    	14.27	11.094 	1    	39   	2210.64	1256.22	590.361	6243.4 
105	25    	1.01284  	0.379434	-0.042434  	1.38382	0.89 	0.31289 	0    	1    	14.51	11.0241	1    	39   	2225.66	1285.02	590.361	6243.4 
106	25    	1.01307  	0.3792  	-0.042434  	1.38382	0.89 	0.31289 	0    	1    	14.5 	10.9403	1    	39   	2192.76	1278.6 	590.361	6243.4 
107	25    	1.01444  	0.380324	-0.042434  	1.39603	0.89 	0.31289 	0    	1    	14.62	11.1479	1    	40   	2175.72	1291.04	396.772	6243.4 
108	25    	1.01725  	0.380829	-0.042434  	1.39603	0.89 	0.31289 	0    	1    	14.85	11.1017	1    	40   	2125.22	1247.36	396.772	6243.4 
109	25    	1.03056  	0.366441	-0.0424336 	1.39603	0.9  	0.3     	0    	1    	15.14	11.0978	1    	40   	2083.53	1176.82	396.772	6243.36
110	25    	1.03324  	0.368012	-0.0424336 	1.39603	0.9  	0.3     	0    	1    	15.37	11.3461	1    	40   	2045.68	1155.94	396.772	6243.36
111	25    	1.04572  	0.35284 	-0.0424336 	1.39603	0.91 	0.286182	0    	1    	15.59	11.2748	1    	40   	2018.35	1156.49	396.772	6243.36
112	25    	1.04394  	0.352403	-0.0424336 	1.39603	0.91 	0.286182	0    	1    	15.41	11.2988	1    	40   	2016.02	1158.87	396.772	6243.36
113	25    	1.0439   	0.352521	-0.0424336 	1.39603	0.91 	0.286182	0    	1    	15.4 	11.327 	1    	40   	2009.89	1156.73	396.772	6243.36
114	25    	1.04198  	0.352086	-0.0424336 	1.39603	0.91 	0.286182	0    	1    	15.22	11.3478	1    	40   	2021.72	1153.6 	396.772	6243.36
115	25    	1.04135  	0.352051	-0.0424336 	1.39603	0.91 	0.286182	0    	1    	15.17	11.3402	1    	40   	2034.87	1188.37	396.772	6243.36
116	25    	1.02647  	0.366376	-0.0424336 	1.39603	0.9  	0.3     	0    	1    	14.68	11.3709	1    	40   	2033.18	1189.39	396.772	6243.36
117	25    	1.02743  	0.366825	-0.0424336 	1.39603	0.9  	0.3     	0    	1    	14.79	11.4362	1    	40   	2047.25	1184.35	396.772	6243.36
118	25    	1.0278   	0.367048	-0.0424336 	1.39603	0.9  	0.3     	0    	1    	14.81	11.4557	1    	40   	2030.06	1195.98	374.189	6243.36
119	25    	1.0278   	0.367048	-0.0424336 	1.39603	0.9  	0.3     	0    	1    	14.81	11.4557	1    	40   	2030.06	1195.98	374.189	6243.36
120	25    	1.0278   	0.367048	-0.0424336 	1.39603	0.9  	0.3     	0    	1    	14.81	11.4557	1    	40   	2030.06	1195.98	374.189	6243.36
121	25    	1.0128   	0.380244	-0.0424336 	1.39603	0.89 	0.31289 	0    	1    	14.3 	11.513 	1    	40   	2019.55	1208.89	374.189	6243.36
122	25    	1.00279  	0.394622	-0.0435074 	1.39603	0.88 	0.324962	0    	1    	14.31	11.5019	1    	40   	2031.49	1290.34	368.458	6350.74
123	25    	1.00078  	0.393783	-0.0435074 	1.39603	0.88 	0.324962	0    	1    	14.12	11.4335	1    	40   	2042.02	1287.46	368.458	6350.74
124	25    	0.998056 	0.392289	-0.0435074 	1.39603	0.88 	0.324962	0    	1    	13.86	11.2259	1    	40   	2054.35	1283.49	355.415	6350.74
125	25    	0.995403 	0.391594	-0.0435074 	1.39603	0.88 	0.324962	0    	1    	13.61	11.2311	1    	40   	2069.74	1296.5 	355.415	6350.74
126	25    	0.985774 	0.405683	-0.0435074 	1.46608	0.87 	0.336303	0    	1    	13.66	11.5942	1    	47   	2082.6 	1302.53	355.415	6350.74
127	25    	0.986385 	0.406052	-0.0435074 	1.46608	0.87 	0.336303	0    	1    	13.72	11.6474	1    	47   	2081.46	1303.56	355.415	6350.74
128	25    	0.986771 	0.40626 	-0.0435074 	1.46608	0.87 	0.336303	0    	1    	13.76	11.6791	1    	47   	2082.87	1303.95	355.415	6350.74
129	25    	0.988177 	0.406889	-0.0435074 	1.46608	0.87 	0.336303	0    	1    	13.9 	11.729 	1    	47   	2082.32	1304.37	355.415	6350.74
130	25    	0.988852 	0.407236	-0.0435074 	1.46608	0.87 	0.336303	0    	1    	13.95	11.7613	1    	47   	2064.79	1309.33	355.415	6350.74
131	25    	0.998213 	0.393262	-0.0424336 	1.46608	0.88 	0.324962	0    	1    	13.86	11.6996	1    	47   	2038.73	1232.33	355.415	6243.36
132	25    	0.985764 	0.405077	-0.0424336 	1.46608	0.87 	0.336303	0    	1    	13.62	11.6943	1    	47   	2043.56	1234.86	355.415	6243.36
133	25    	0.999902 	0.393052	-0.0238356 	1.46608	0.88 	0.324962	0    	1    	14   	11.7941	1    	47   	2009.85	1164.09	355.415	4921.54
134	25    	1.00251  	0.393646	-0.0238356 	1.46608	0.88 	0.324962	0    	1    	14.2 	11.8127	1    	47   	1948.79	1088.94	355.415	4921.54
135	25    	1.0048   	0.394283	-0.0238356 	1.46608	0.88 	0.324962	0    	1    	14.39	11.8194	1    	47   	1909.7 	1039.5 	355.415	4803.13
136	25    	1.00491  	0.394362	-0.0238356 	1.46608	0.88 	0.324962	0    	1    	14.4 	11.8322	1    	47   	1908.9 	1040.47	355.415	4803.13
137	25    	1.01429  	0.379436	-0.0238356 	1.46608	0.89 	0.31289 	0    	1    	14.33	11.5361	1    	47   	1901.09	1033.67	355.415	4803.13
138	25    	1.00895  	0.377795	-0.0238356 	1.46608	0.89 	0.31289 	0    	1    	13.81	11.5392	1    	47   	1915.12	1027.71	355.415	4803.13
139	25    	1.01185  	0.37849 	-0.0238356 	1.46608	0.89 	0.31289 	0    	1    	14.08	11.5323	1    	47   	1894.62	994.331	355.415	4803.13
140	25    	1.03667  	0.34933 	-0.0238101 	1.46608	0.91 	0.286182	0    	1    	14.54	11.4607	1    	47   	1872.56	973.165	355.415	4803.13
141	25    	1.02626  	0.365374	-0.0397722 	1.46608	0.9  	0.3     	0    	1    	14.5 	11.5009	1    	47   	1874.3 	978.546	355.415	4977.22
142	25    	1.02878  	0.365824	-0.0397722 	1.46608	0.9  	0.3     	0    	1    	14.72	11.4508	1    	47   	1842.09	948.17 	355.415	4977.22
143	25    	1.04105  	0.350573	-0.0397722 	1.46608	0.91 	0.286182	0    	1    	14.93	11.3897	1    	47   	1824.68	935.092	355.415	4977.22
144	25    	1.02761  	0.36571 	-0.0397722 	1.46608	0.9  	0.3     	0    	1    	14.62	11.3594	1    	47   	1859.32	971.322	355.415	4977.22
145	25    	1.02976  	0.367644	-0.0397722 	1.46608	0.9  	0.3     	0    	1    	14.83	11.755 	1    	47   	1854.41	977.464	355.415	4977.22
146	25    	1.02976  	0.367644	-0.0397722 	1.46608	0.9  	0.3     	0    	1    	14.83	11.755 	1    	47   	1854.41	977.464	355.415	4977.22
147	25    	1.01794  	0.38176 	-0.0397722 	1.46608	0.89 	0.31289 	0    	1    	14.65	11.8274	1    	47   	1855.51	978.073	355.415	4977.22
148	25    	1.01588  	0.381115	-0.0397722 	1.46608	0.89 	0.31289 	0    	1    	14.44	11.8282	1    	47   	1851.76	981.867	355.415	4977.22
149	25    	1.00122  	0.39323 	-0.0397722 	1.46608	0.88 	0.324962	0    	1    	14   	11.8398	1    	47   	1877.65	977.451	355.415	4977.22
150	25    	1.00175  	0.393519	-0.0397722 	1.46608	0.88 	0.324962	0    	1    	14.07	11.8956	1    	47   	1894.74	977.155	355.415	4977.22
151	25    	1.00175  	0.393519	-0.0397722 	1.46608	0.88 	0.324962	0    	1    	14.07	11.8956	1    	47   	1894.74	977.155	355.415	4977.22
152	25    	1.00061  	0.393064	-0.0397722 	1.46608	0.88 	0.324962	0    	1    	13.95	11.8654	1    	47   	1888.73	981.518	355.415	4977.22
153	25    	0.985777 	0.404376	-0.0397722 	1.46608	0.87 	0.336303	0    	1    	13.48	11.9033	1    	47   	1902.32	979.427	355.415	4977.22
154	25    	0.983326 	0.403635	-0.0397722 	1.46608	0.87 	0.336303	0    	1    	13.25	11.92  	1    	47   	1917.45	978.339	355.415	4977.22
155	25    	0.972195 	0.415623	-0.0397722 	1.46608	0.86 	0.346987	0    	1    	13.16	11.9781	1    	47   	1940.53	976.27 	355.415	4977.22
156	25    	0.975103 	0.416966	-0.0397722 	1.46608	0.86 	0.346987	0    	1    	13.46	12.0826	1    	47   	1949.74	966.537	355.415	4977.22
157	25    	0.962563 	0.427775	-0.0397722 	1.46608	0.85 	0.357071	0    	1    	13.24	12.1038	1    	47   	1983.71	959.796	355.415	4977.22
158	25    	0.961354 	0.427365	-0.0397722 	1.46608	0.85 	0.357071	0    	1    	13.12	12.1056	1    	47   	1984.62	960.096	355.415	4977.22
159	25    	0.958968 	0.426556	-0.0397722 	1.46608	0.85 	0.357071	0    	1    	12.89	12.1152	1    	47   	1993.2 	960.239	355.415	4977.22
160	25    	0.958968 	0.426556	-0.0397722 	1.46608	0.85 	0.357071	0    	1    	12.89	12.1152	1    	47   	1993.2 	960.239	355.415	4977.22
161	25    	0.955805 	0.425169	-0.0397722 	1.46608	0.85 	0.357071	0    	1    	12.58	12.021 	1    	47   	1999.51	961.149	355.415	4977.22
162	25    	0.955197 	0.425082	-0.0397722 	1.46608	0.85 	0.357071	0    	1    	12.52	12.0636	1    	47   	2000.27	961.453	355.415	4977.22
163	25    	0.956395 	0.425678	-0.0397722 	1.46608	0.85 	0.357071	0    	1    	12.63	12.1175	1    	47   	1990.47	963.555	355.415	4977.22
164	25    	0.956101 	0.42548 	-0.0397722 	1.46608	0.85 	0.357071	0    	1    	12.6 	12.083 	1    	47   	1989.9 	963.338	355.415	4977.22
165	25    	0.942126 	0.43475 	-0.0397722 	1.46608	0.84 	0.366606	0    	1    	12.19	11.9597	1    	47   	1977.42	971.482	355.415	4977.22
166	25    	0.939586 	0.433726	-0.0397722 	1.46608	0.84 	0.366606	0    	1    	11.93	11.9174	1    	47   	1971.41	968.736	355.415	4977.22
167	25    	0.939421 	0.433614	-0.0397722 	1.46608	0.84 	0.366606	0    	1    	11.9 	11.8832	1    	47   	1957.89	967.656	355.415	4977.22
168	25    	0.937147 	0.432689	-0.0397722 	1.46608	0.84 	0.366606	0    	1    	11.65	11.846 	1    	47   	1935.25	976.654	355.415	4977.22
169	25    	0.937147 	0.432689	-0.0397722 	1.46608	0.84 	0.366606	0    	1    	11.65	11.846 	1    	47   	1935.25	976.654	355.415	4977.22
170	25    	0.924437 	0.441899	-0.0397722 	1.46608	0.83 	0.375633	0    	1    	11.41	11.8162	1    	47   	1966.31	978.992	355.415	4977.22
171	25    	0.936901 	0.432521	-0.0397722 	1.46608	0.84 	0.366606	0    	1    	11.65	11.846 	1    	47   	1959.95	973.344	355.415	4977.22
172	25    	0.949549 	0.422692	-0.0397722 	1.46608	0.85 	0.357071	0    	1    	11.91	11.8946	1    	47   	1955.15	968.646	355.415	4977.22
173	25    	0.949916 	0.422838	-0.0397722 	1.46608	0.85 	0.357071	0    	1    	11.96	11.9146	1    	47   	1968.44	966.548	355.415	4977.22
174	25    	0.947399 	0.421853	-0.0397722 	1.46608	0.85 	0.357071	0    	1    	11.7 	11.8672	1    	47   	1960.11	962.318	355.415	4977.22
175	25    	0.945192 	0.421001	-0.0397722 	1.46608	0.85 	0.357071	0    	1    	11.48	11.8266	1    	47   	1960.84	956.309	355.415	4977.22
176	25    	0.94544  	0.420438	-0.0397722 	1.46608	0.85 	0.357071	0    	1    	11.5 	11.8106	1    	47   	1955.97	952.487	355.415	4977.22
177	25    	0.932719 	0.430078	-0.0397722 	1.46608	0.84 	0.366606	0    	1    	11.24	11.7916	1    	47   	1968.09	953.064	355.415	4977.22
178	25    	0.932776 	0.430115	-0.0397722 	1.46608	0.84 	0.366606	0    	1    	11.24	11.7916	1    	47   	1962.36	957.419	355.415	4977.22
179	25    	0.922576 	0.44022 	-0.0397722 	1.46608	0.83 	0.375633	0    	1    	11.22	11.8073	1    	47   	1962.39	957.43 	355.415	4977.22
180	25    	0.926011 	0.441979	-0.0397722 	1.46608	0.83 	0.375633	0    	1    	11.55	11.9569	1    	47   	1948.94	960.635	355.415	4977.22
181	25    	0.923772 	0.44104 	-0.0397722 	1.46608	0.83 	0.375633	0    	1    	11.31	11.9488	1    	47   	1932.82	970.097	355.415	4977.22
182	25    	0.949403 	0.422088	-0.0397722 	1.46608	0.85 	0.357071	0    	1    	11.84	12.0621	1    	47   	1899.67	986.492	355.415	4977.22
183	25    	0.950239 	0.421922	-0.0397722 	1.46608	0.85 	0.357071	0    	1    	11.94	11.9464	1    	47   	1916.06	983.555	355.415	4977.22
184	25    	0.950239 	0.421922	-0.0397722 	1.46608	0.85 	0.357071	0    	1    	11.94	11.9464	1    	47   	1916.06	983.555	355.415	4977.22
185	25    	0.9497   	0.421565	-0.0397722 	1.46608	0.85 	0.357071	0    	1    	11.88	11.8805	1    	47   	1910.02	982.559	355.415	4977.22
186	25    	0.951493 	0.422308	-0.0397722 	1.46608	0.85 	0.357071	0    	1    	12.05	11.8831	1    	47   	1900.75	985.962	355.415	4977.22
187	25    	0.941228 	0.43365 	-0.0397722 	1.46608	0.84 	0.366606	0    	1    	12.05	11.8831	1    	47   	1927.17	1031.59	355.415	4977.22
188	25    	0.948385 	0.437385	-0.0397722 	1.46608	0.84 	0.366606	0    	1    	12.73	12.2294	1    	47   	1891.49	1052.76	355.415	4977.22
189	25    	0.948391 	0.437386	-0.0397722 	1.46608	0.84 	0.366606	0    	1    	12.73	12.2294	1    	47   	1890.92	1052.61	355.415	4977.22
190	25    	0.958816 	0.426585	-0.0397722 	1.46608	0.85 	0.357071	0    	1    	12.77	12.2726	1    	47   	1888.45	1042.58	355.415	4977.22
191	25    	0.958816 	0.426585	-0.0397722 	1.46608	0.85 	0.357071	0    	1    	12.77	12.2726	1    	47   	1888.45	1042.58	355.415	4977.22
192	25    	0.960775 	0.427145	-0.0397722 	1.46608	0.85 	0.357071	0    	1    	12.96	12.2359	1    	47   	1882.52	1040.05	355.415	4977.22
193	25    	0.971702 	0.4161  	-0.0397722 	1.46608	0.86 	0.346987	0    	1    	13.06	12.1867	1    	47   	1889.75	1082.6 	355.415	4977.22
194	25    	0.971552 	0.416006	-0.0397722 	1.46608	0.86 	0.346987	0    	1    	13.03	12.156 	1    	47   	1874.76	1079.11	355.415	4977.22
195	25    	0.969393 	0.415181	-0.0397722 	1.46608	0.86 	0.346987	0    	1    	12.8 	12.126 	1    	47   	1860.74	1082.86	355.415	4977.22
196	25    	0.973739 	0.417203	-0.0397722 	1.46608	0.86 	0.346987	0    	1    	13.24	12.3143	1    	47   	1866.13	1081.82	355.415	4977.22