gen	nevals	avg      	std      	min       	max     	p-avg  	p-std  	p-min  	p-max  	s-avg   	s-std   	s-min      	s-max  	t-avg  	t-std  	t-min   	t-max  
0  	100   	0.0671752	0.102683 	-0.0800736	0.541759	66.316 	100.465	-12.736	525.365	0.953769	0.757932	-0.0479    	3.81096	867.846	2171.13	-1284.76	20562.9
1  	25    	0.0753295	0.0992295	0.0131226 	0.541759	71.8449	98.4146	5.28561	525.365	1.08293 	0.683094	-0.0666869 	3.81096	734.471	916.337	-1284.76	6216   
2  	25    	0.0787464	0.0981747	0.0175604 	0.541759	75.3707	97.2942	5.28561	525.365	1.08761 	0.677434	-0.0666869 	3.81096	750.037	911.961	-1284.76	6216   
3  	25    	0.0860595	0.0991697	0.0231248 	0.541759	82.1932	98.2997	7.25176	525.365	1.14098 	0.664177	-0.0666869 	3.81096	754.357	959.53 	-1349.7 	6216   
4  	25    	0.0959558	0.0994515	0.0282161 	0.541759	92.2427	98.1072	12.8806	525.365	1.18601 	0.738213	-0.0811922 	3.81096	814.7  	1004.77	-1349.7 	6216   
5  	25    	0.0985094	0.0981634	0.0323125 	0.541759	94.505 	97.0974	12.8806	525.365	1.24673 	0.698164	-0.0666869 	3.81096	846.286	1035.68	-1349.7 	6216   
6  	25    	0.103421 	0.0974982	0.0357793 	0.541759	99.3229	96.6064	21.4191	525.365	1.30932 	0.680759	-0.0666869 	3.81096	899.493	1022   	-616.677	6216   
7  	25    	0.108561 	0.096317 	0.0379768 	0.541759	104.494	95.5568	26.7879	525.365	1.34115 	0.695212	-0.0666869 	3.81096	934.424	1034.81	-616.677	6216   
8  	25    	0.11266  	0.094835 	0.0421504 	0.541759	109.257	94.2707	32.9914	525.365	1.33724 	0.701394	-0.0666869 	3.81096	996.92 	1134.71	-616.677	6216   
9  	25    	0.126645 	0.103236 	0.0481437 	0.541759	122.686	102.352	34.3046	525.365	1.36783 	0.728828	-0.00100647	3.81096	971.853	1121.24	-616.677	6216   
10 	25    	0.136156 	0.105958 	0.05173   	0.541759	131.899	104.511	36.2245	525.365	1.41416 	0.742965	-0.00100647	3.81096	988.482	1202.31	-919.149	6216   
11 	25    	0.145624 	0.105006 	0.0575677 	0.541759	141.072	103.242	38.6775	525.365	1.48763 	0.781846	0.0824358  	3.81096	1032.42	1206.72	-919.149	6216   
12 	25    	0.148299 	0.103934 	0.0602865 	0.541759	144.076	101.833	50.6783	525.365	1.47401 	0.804303	-0.0137092 	3.81096	1051.67	1203.62	-616.677	6216   
13 	25    	0.153412 	0.102392 	0.0645664 	0.541759	148.688	100.559	56.8761	525.365	1.49802 	0.817436	-0.0137092 	3.81096	1025.63	1132.29	-616.677	6216   
14 	25    	0.158404 	0.100862 	0.0687846 	0.541759	153.743	98.9616	58.3273	525.365	1.53721 	0.797007	0.0824358  	3.81096	1071.15	1135.8 	-616.677	6216   
15 	25    	0.162264 	0.0993343	0.0746862 	0.541759	157.114	97.5774	62.0515	525.365	1.55968 	0.798443	0.286583   	3.81096	1044.74	1096.28	-616.677	6216   
16 	25    	0.166054 	0.0970995	0.0763759 	0.541759	160.287	95.7222	62.0515	525.365	1.59884 	0.790604	0.286583   	3.81096	1022.22	1095.19	-616.677	6216   
17 	25    	0.17389  	0.0966011	0.0798729 	0.541759	168.374	95.322 	73.3299	525.365	1.62039 	0.776221	0.289409   	3.81096	1068.76	1132.45	-616.677	6216   
18 	25    	0.180165 	0.0940626	0.0940716 	0.541759	175.244	92.5467	83.8307	525.365	1.61659 	0.77445 	0.289409   	3.81096	1124.49	1161.38	-616.677	6216   
19 	25    	0.182397 	0.0929837	0.099083  	0.541759	177.358	91.6566	83.8307	525.365	1.63009 	0.767694	0.289409   	3.81096	1126.23	1176.18	-616.677	6216   
20 	25    	0.185268 	0.0915998	0.101259  	0.541759	179.913	90.3704	83.8307	525.365	1.63838 	0.759674	0.289409   	3.81096	1102.87	1173.19	-616.677	6216   
21 	25    	0.18825  	0.0898033	0.108486  	0.541759	183.252	88.7683	100.692	525.365	1.64943 	0.749266	0.289409   	3.81096	1149.72	1259.77	-616.677	6216   
22 	25    	0.189834 	0.0890219	0.110155  	0.541759	184.795	88.1417	101    	525.365	1.67186 	0.748666	0.289409   	3.81096	1168.01	1269.41	-616.677	6216   
23 	25    	0.193548 	0.0903219	0.116092  	0.541759	187.483	89.3502	101.079	525.365	1.70669 	0.772303	0.332741   	3.81096	1100.11	1198.28	-616.677	6216   
24 	25    	0.200756 	0.0974291	0.119297  	0.541759	193.814	96.3787	100.26 	525.365	1.76679 	0.766381	0.528003   	3.81096	1072.59	1200.35	-616.677	6216   
25 	25    	0.201881 	0.0968115	0.120431  	0.541759	194.946	95.7081	112.742	525.365	1.7788  	0.769178	0.528003   	3.81096	1085.31	1202.06	-616.677	6216   
26 	25    	0.20971  	0.101471 	0.126021  	0.559737	201.878	100.405	113.646	538.078	1.81089 	0.764732	0.651425   	3.81096	1027.62	1165.49	-616.677	6216   
27 	25    	0.212074 	0.1006   	0.126737  	0.559737	203.966	99.4878	113.646	538.078	1.83904 	0.773779	0.651425   	3.81096	1028.21	1166.75	-616.677	6216   
28 	25    	0.219004 	0.100686 	0.130907  	0.559737	210.63 	99.8045	113.646	538.078	1.87076 	0.776558	0.651425   	3.81096	1033.39	1200.96	-616.677	6216   
29 	25    	0.225369 	0.102541 	0.135287  	0.559737	217.865	103.752	119.666	562.572	1.87427 	0.769491	0.651425   	3.81096	1123.9 	1381.7 	-616.677	7606.58
30 	25    	0.227076 	0.101376 	0.140294  	0.559737	220.871	102.27 	122.929	562.572	1.86197 	0.780333	0.651425   	3.81096	1241.51	1530.04	-616.677	7606.58
31 	25    	0.233756 	0.104164 	0.144744  	0.559737	228.191	106.876	122.929	592.741	1.91374 	0.78148 	0.651425   	3.81096	1357.15	1694.07	-616.677	8676.6 
32 	25    	0.236797 	0.103888 	0.14627   	0.559737	231.235	106.175	133.043	592.741	1.93963 	0.781088	0.651425   	3.81096	1383.43	1694.08	-616.677	8676.6 
33 	25    	0.238101 	0.102917 	0.151382  	0.559737	233.166	104.981	139.499	592.741	1.92927 	0.780742	0.776004   	3.81096	1435.8 	1769.99	-616.677	8676.6 
34 	25    	0.252682 	0.134646 	0.155127  	1.09437 	247.251	132.844	141.467	1042.53	1.99733 	0.941078	0.776004   	7.18906	1454.16	1766.7 	-616.677	8676.6 
35 	25    	0.261368 	0.138783 	0.158959  	1.09437 	255.458	136.814	142.232	1042.53	2.02501 	0.933874	0.776004   	7.18906	1434.03	1717.81	-616.677	8676.6 
36 	25    	0.262112 	0.138356 	0.16286   	1.09437 	256.664	136.341	142.232	1042.53	2.02785 	0.928187	0.776004   	7.18906	1483.02	1782.78	-616.677	8676.6 
37 	25    	0.272639 	0.142146 	0.167611  	1.09437 	267.617	139.784	156.215	1042.53	2.01252 	0.933251	0.639953   	7.18906	1510.35	1804.77	-616.677	8676.6 
38 	25    	0.27309  	0.141855 	0.167982  	1.09437 	267.997	139.529	156.215	1042.53	2.01548 	0.941631	0.639953   	7.18906	1506.17	1807.05	-616.677	8676.6 
39 	25    	0.282723 	0.152053 	0.168756  	1.09437 	276.884	149.206	156.215	1042.53	2.06992 	0.991034	0.639953   	7.18906	1486.06	1811.59	-616.677	8676.6 
40 	25    	0.291226 	0.154211 	0.175145  	1.09437 	285.71 	151.738	156.215	1042.53	2.07088 	0.983748	0.639953   	7.18906	1519.28	1877.53	-616.677	8676.6 
41 	25    	0.296394 	0.154507 	0.177806  	1.09437 	292.431	151.803	156.215	1042.53	2.04123 	1.00048 	0.389364   	7.18906	1644.89	1932.06	-616.677	8676.6 
42 	25    	0.301414 	0.154525 	0.179629  	1.09437 	297.358	151.592	161.231	1042.53	2.05236 	0.986736	0.639953   	7.18906	1646.74	1930.36	-616.677	8676.6 
43 	25    	0.314906 	0.16844  	0.181322  	1.09437 	308.703	166.536	164.941	1042.53	2.10404 	1.01641 	0.639953   	7.18906	1483.73	1747.58	2.92771 	8676.6 
44 	25    	0.324732 	0.174611 	0.183042  	1.09437 	318.258	171.773	164.941	1042.53	2.15093 	1.07526 	0.639953   	7.18906	1503.49	1744.25	2.92771 	8676.6 
45 	25    	0.333749 	0.182599 	0.18408   	1.09437 	327.759	179.006	165.522	1042.53	2.15505 	1.09686 	0.639953   	7.18906	1556.12	1741.53	2.92771 	8676.6 
46 	25    	0.341406 	0.179708 	0.186088  	1.09437 	335.239	176.105	179.079	1042.53	2.15934 	1.1121  	0.625213   	7.18906	1542.72	1720.28	2.92771 	8676.6 
47 	25    	0.350613 	0.179808 	0.200821  	1.09437 	344.542	177.588	179.079	1042.53	2.15149 	1.11708 	0.625213   	7.18906	1544.34	1693.06	2.92771 	8676.6 
48 	25    	0.369171 	0.185061 	0.20519   	1.09437 	364.246	182.995	179.079	1042.53	2.18781 	1.16726 	0.625213   	7.18906	1695.26	2039.93	2.92771 	10913.9
49 	25    	0.373425 	0.184346 	0.209845  	1.09437 	368.827	181.786	179.079	1042.53	2.17913 	1.17788 	0.625213   	7.18906	1719.31	2067.45	2.92771 	10913.9
50 	25    	0.383059 	0.187598 	0.213958  	1.09437 	377.268	184.837	179.079	1042.53	2.21543 	1.24713 	0.406571   	7.18906	1636.27	1968.85	2.92771 	10913.9
51 	25    	0.390218 	0.184561 	0.217077  	1.09437 	383.795	181.911	189.169	1042.53	2.25048 	1.23927 	0.406571   	7.18906	1608.24	1938.71	2.92771 	10913.9
52 	25    	0.394644 	0.183721 	0.222757  	1.09437 	388.01 	180.839	189.169	1042.53	2.25416 	1.25914 	0.406571   	7.18906	1590.77	1944.79	2.92771 	10913.9
53 	25    	0.405812 	0.191184 	0.227126  	1.09437 	399.164	187.791	212.589	1042.53	2.30769 	1.26523 	0.406571   	7.18906	1642.87	1939.47	2.92771 	10913.9
54 	25    	0.409558 	0.189205 	0.227707  	1.09437 	402.963	185.765	214.622	1042.53	2.32254 	1.26565 	0.406571   	7.18906	1663.1 	1931.99	2.92771 	10913.9
55 	25    	0.429506 	0.194805 	0.241303  	1.09437 	423.37 	190.987	222.64 	1042.53	2.34372 	1.29768 	0.406571   	7.18906	1730.12	2136.98	2.92771 	11891.9
56 	25    	0.432421 	0.193292 	0.247702  	1.09437 	426.909	188.967	227.501	1042.53	2.30788 	1.32124 	0.406571   	7.18906	1756.74	2131.55	2.92771 	11891.9
57 	25    	0.44138  	0.194916 	0.251657  	1.09437 	435.527	189.799	227.501	1042.53	2.35247 	1.35112 	0.406571   	7.18906	1767.22	2126.28	2.92771 	11891.9
58 	25    	0.454216 	0.202402 	0.251941  	1.09437 	447.707	198.777	227.501	1042.53	2.3876  	1.35068 	0.406571   	7.18906	1736.72	1888.17	2.92771 	10913.9
59 	25    	0.462925 	0.199701 	0.255502  	1.09437 	457.441	196.155	242.09 	1042.53	2.39984 	1.33446 	0.406571   	7.18906	1851.45	1964.49	2.92771 	10913.9
60 	25    	0.46395  	0.198724 	0.262908  	1.09437 	458.301	195.324	245.22 	1042.53	2.43769 	1.31142 	0.406571   	7.18906	1872.73	1961.39	2.92771 	10913.9
61 	25    	0.469769 	0.195077 	0.27034   	1.09437 	463.393	191.818	267.013	1042.53	2.5095  	1.34679 	0.406571   	7.18906	1871.96	1958.25	2.92771 	10913.9
62 	25    	0.477507 	0.193839 	0.277544  	1.09437 	471.567	191.127	265.969	1042.53	2.5577  	1.31672 	0.639953   	7.18906	1963.65	2109.33	2.92771 	10913.9
63 	25    	0.484699 	0.195908 	0.281844  	1.09437 	478.824	192.916	269.289	1042.53	2.55352 	1.31858 	0.639953   	7.18906	1966.01	2107.75	2.92771 	10913.9
64 	25    	0.494351 	0.200497 	0.289821  	1.09437 	488.3  	196.934	269.289	1042.53	2.60431 	1.36078 	0.639953   	7.18906	1999.27	2118.91	2.92771 	10913.9
65 	25    	0.503767 	0.199839 	0.292655  	1.09437 	498.763	196.239	278.218	1042.53	2.61506 	1.36024 	0.639953   	7.18906	2114.67	2147.2 	2.92771 	10913.9
66 	25    	0.510166 	0.196546 	0.306085  	1.09437 	506.391	192.518	282.879	1042.53	2.62274 	1.36148 	0.639953   	7.18906	2245.25	2275.05	2.92771 	10913.9
67 	25    	0.51616  	0.192481 	0.316256  	1.09437 	513.112	188.195	292.384	1042.53	2.62478 	1.36489 	0.639953   	7.18906	2319.96	2361.4 	241.086 	10913.9
68 	25    	0.529069 	0.191392 	0.340615  	1.09437 	525.095	188    	322.551	1042.53	2.64617 	1.32646 	0.927926   	7.18906	2248.73	2193.44	241.086 	9979.2 
69 	25    	0.53653  	0.187591 	0.353935  	1.09437 	533.848	183.559	331.321	1042.53	2.6018  	1.32797 	0.927926   	7.18906	2333.55	2317.91	241.086 	9979.2 
70 	25    	0.542981 	0.18525  	0.361995  	1.09437 	540.714	180.343	339.75 	1042.53	2.58179 	1.33059 	0.927926   	7.18906	2355.03	2306.01	241.086 	9979.2 
71 	25    	0.544857 	0.183754 	0.368841  	1.09437 	542.484	178.856	357.423	1042.53	2.59295 	1.32619 	0.927926   	7.18906	2355.67	2301.58	241.086 	9979.2 
72 	25    	0.570621 	0.18767  	0.374651  	1.09437 	567.679	182.097	357.423	1042.53	2.71614 	1.37221 	0.927926   	7.18906	2421.93	2304.78	241.086 	9979.2 
73 	25    	0.57181  	0.186597 	0.384203  	1.09437 	569.202	180.835	363.256	1042.53	2.71058 	1.37649 	0.927926   	7.18906	2449.71	2320.04	241.086 	9979.2 
74 	25    	0.595596 	0.191976 	0.396837  	1.09437 	592.457	184.966	377.277	1042.53	2.79093 	1.43617 	0.927926   	7.18906	2477.05	2331.44	241.086 	9979.2 
75 	25    	0.613921 	0.193806 	0.403149  	1.09437 	609.56 	187.12 	388.044	1042.53	2.85228 	1.52538 	0.927926   	7.18906	2416.17	2162.96	196.323 	9979.2 
76 	25    	0.621107 	0.196506 	0.409863  	1.09437 	616.507	189.364	388.044	1042.53	2.88156 	1.56338 	0.927926   	7.18906	2421.49	2164.67	196.323 	9979.2 
77 	25    	0.633212 	0.197388 	0.419895  	1.09437 	627.929	188.994	397.63 	1042.53	2.98357 	1.63189 	0.927926   	7.18906	2455.3 	2157.86	196.323 	9979.2 
78 	25    	0.645261 	0.197575 	0.421802  	1.09437 	640.197	189.585	411.16 	1042.53	3.01305 	1.62946 	0.927926   	7.18906	2506.68	2170.93	-372.063	9979.2 
79 	25    	0.651651 	0.194653 	0.446098  	1.09437 	646.482	186.141	416.632	1042.53	3.04026 	1.63587 	0.694903   	7.18906	2523.34	2163.98	-372.063	9979.2 
80 	25    	0.659144 	0.189826 	0.449744  	1.09437 	652.992	181.959	429.649	1042.53	3.09755 	1.60554 	0.694903   	7.18906	2482.39	2101.9 	196.323 	9979.2 
81 	25    	0.664528 	0.188351 	0.455619  	1.09437 	658.393	180.853	429.649	1042.53	3.12266 	1.59005 	0.694903   	7.18906	2509.22	2103.4 	196.323 	9979.2 
82 	25    	0.673681 	0.182396 	0.465334  	1.09437 	667.584	174.859	429.649	1042.53	3.13645 	1.57257 	1.03048    	7.18906	2526.69	2122.8 	196.323 	9979.2 
83 	25    	0.676133 	0.181198 	0.467294  	1.09437 	669.792	173.278	448.17 	1042.53	3.15404 	1.58666 	1.03421    	7.18906	2519.96	2126.82	196.323 	9979.2 
84 	25    	0.676598 	0.18072  	0.467294  	1.09437 	670.419	172.59 	448.17 	1042.53	3.1331  	1.59479 	1.03421    	7.18906	2515.11	2129.12	196.323 	9979.2 
85 	25    	0.690783 	0.177781 	0.474821  	1.09437 	685.069	170.068	449.924	1042.53	3.14063 	1.58955 	1.03421    	7.18906	2569.18	2119.96	196.323 	9979.2 
86 	25    	0.69137  	0.177127 	0.478729  	1.09437 	684.968	170.215	449.924	1042.53	3.17247 	1.57436 	1.16819    	7.18906	2532.28	2112.08	196.323 	9979.2 
87 	25    	0.705557 	0.172302 	0.490791  	1.09437 	699.077	165.148	461.072	1042.53	3.14259 	1.5747  	1.17085    	7.18906	2494.64	2041.34	196.323 	9979.2 
88 	25    	0.7175   	0.169977 	0.500905  	1.09437 	709.496	164.506	483.76 	1042.53	3.14539 	1.59703 	1.17085    	7.18906	2344.94	1657.91	196.323 	8676.6 
89 	25    	0.723328 	0.169475 	0.505453  	1.09437 	714.803	164.722	483.76 	1042.53	3.16232 	1.58641 	1.18964    	7.18906	2309.8 	1561.74	196.323 	8676.6 
90 	25    	0.737744 	0.166888 	0.513877  	1.09437 	728.877	161.776	495.567	1042.53	3.20278 	1.59586 	1.20144    	7.18906	2316.09	1452.66	196.323 	8676.6 
91 	25    	0.746573 	0.164332 	0.518074  	1.09437 	737.65 	159.086	495.567	1042.53	3.27925 	1.60535 	1.20144    	7.18906	2386.9 	1474.71	196.323 	8676.6 
92 	25    	0.754651 	0.162971 	0.524473  	1.09437 	745.907	157.567	495.567	1042.53	3.30545 	1.60287 	1.20144    	7.18906	2431.1 	1476.62	241.086 	8676.6 
93 	25    	0.762124 	0.160171 	0.538663  	1.09437 	752.262	155.587	505.991	1042.53	3.3585  	1.65394 	1.20144    	7.18906	2372.3 	1328.22	241.086 	8676.6 
94 	25    	0.76238  	0.159833 	0.541759  	1.09437 	751.901	155.998	505.991	1042.53	3.34967 	1.65675 	1.20144    	7.18906	2301.72	1169.37	241.086 	4720.78
95 	25    	0.771229 	0.15399  	0.559733  	1.09437 	761.276	150.14 	505.991	1042.53	3.38057 	1.63282 	1.20144    	7.18906	2385.29	1171.46	241.086 	4720.78
96 	25    	0.785408 	0.151708 	0.56541   	1.09437 	775.679	146.433	556.545	1042.53	3.39964 	1.63895 	1.20144    	7.18906	2426.66	1158.37	566.645 	4720.78
97 	25    	0.800098 	0.146389 	0.581521  	1.09437 	789.897	142.152	573.909	1042.53	3.48431 	1.63469 	1.25543    	7.18906	2464.26	1158.17	566.645 	4720.78
98 	25    	0.806334 	0.141806 	0.593718  	1.09437 	796.502	137.932	573.909	1042.53	3.50903 	1.61104 	1.25543    	7.18906	2525.83	1154.21	566.645 	4720.78
99 	25    	0.806852 	0.141096 	0.601309  	1.09437 	796.956	137.316	573.909	1042.53	3.50574 	1.61513 	1.25543    	7.18906	2516.09	1160.92	535.118 	4720.78
100	25    	0.816464 	0.136593 	0.62142   	1.09437 	806.278	133.984	572.477	1042.53	3.56083 	1.63246 	1.25543    	7.18906	2542.22	1213.54	-882.206	4720.78
101	25    	0.817963 	0.134754 	0.627328  	1.09437 	808.119	131.661	572.477	1042.53	3.5754  	1.6165  	1.25543    	7.18906	2590.92	1176.65	587.667 	4720.78
102	25    	0.829023 	0.130335 	0.636275  	1.09437 	820.243	125.593	582.183	1042.53	3.53359 	1.52226 	1.25543    	7.18906	2655.56	1161.87	587.667 	4720.78
103	25    	0.830882 	0.128617 	0.644161  	1.09437 	822.852	122.824	626.196	1042.53	3.50309 	1.47687 	1.25543    	7.18906	2700.08	1154.67	587.667 	4720.78
104	25    	0.844651 	0.123497 	0.661642  	1.09437 	837.343	118.166	655.151	1056.75	3.48158 	1.51112 	1.25543    	7.18906	2750.81	1195.82	577.508 	5657.08
105	25    	0.844765 	0.123333 	0.662387  	1.09437 	837.296	118.234	655.151	1056.75	3.48229 	1.51048 	1.25543    	7.18906	2735.38	1206.21	577.508 	5657.08
106	25    	0.855081 	0.117888 	0.673078  	1.09437 	848.362	113.523	655.151	1056.75	3.48312 	1.51067 	1.25543    	7.18906	2811.14	1257.02	577.508 	6455.6 
107	25    	0.864386 	0.115461 	0.67814   	1.09437 	856.804	110.595	655.151	1056.75	3.56945 	1.51912 	1.25543    	7.18906	2811.19	1277.94	577.508 	6455.6 
108	25    	0.869455 	0.111705 	0.682125  	1.09437 	861.79 	106.834	655.151	1056.75	3.60489 	1.50654 	1.37844    	7.18906	2838.42	1234.46	587.667 	6455.6 
109	25    	0.875907 	0.106363 	0.691984  	1.09437 	867.316	102.037	655.151	1056.75	3.66521 	1.50243 	1.37844    	7.18906	2806.06	1274.41	-434.995	6455.6 
110	25    	0.879497 	0.103413 	0.710226  	1.09437 	871.814	97.8741	658.626	1056.75	3.62882 	1.48589 	1.37844    	7.18906	2860.51	1247.09	-434.995	6455.6 
111	25    	0.880691 	0.102134 	0.711155  	1.09437 	873.069	96.6025	658.626	1056.75	3.60963 	1.49201 	1.37844    	7.18906	2847.47	1239.84	-434.995	6455.6 
112	25    	0.887914 	0.100945 	0.712987  	1.09437 	880.058	93.6963	709.363	1056.75	3.6076  	1.52182 	1.37844    	7.18906	2821.97	1237.94	-434.995	6455.6 
113	25    	0.887914 	0.100945 	0.712987  	1.09437 	880.058	93.6963	709.363	1056.75	3.6076  	1.52182 	1.37844    	7.18906	2821.97	1237.94	-434.995	6455.6 
114	25    	0.895514 	0.0967116	0.727444  	1.09437 	886.793	89.6682	717.234	1056.75	3.6506  	1.52775 	1.58748    	7.18906	2778.49	1234.74	-434.995	6455.6 
115	25    	0.904944 	0.0909536	0.750168  	1.09437 	895.736	82.9957	737.634	1056.75	3.75141 	1.55863 	1.60313    	7.18906	2830.54	1204.78	-434.995	6455.6 
116	25    	0.915635 	0.0842656	0.782915  	1.09437 	905.949	75.9095	766.708	1056.75	3.83918 	1.54003 	1.60313    	7.18906	2870.56	1148.7 	882.946 	6455.6 
117	25    	0.920364 	0.0819731	0.797709  	1.09437 	909.754	74.0218	766.708	1056.75	3.89925 	1.50952 	1.7404     	7.18906	2838.28	1153.92	882.946 	6455.6 
118	25    	0.922921 	0.0813755	0.798249  	1.09437 	912.6  	74.4395	766.708	1060.79	3.89733 	1.50842 	1.7404     	7.18906	2865.16	1184.94	882.946 	6455.6 
119	25    	0.926519 	0.0790408	0.811309  	1.09437 	917.189	70.84  	778.817	1060.79	3.82424 	1.51878 	1.7404     	7.18906	2891.28	1206.76	882.946 	6455.6 
120	25    	0.935277 	0.0761181	0.823917  	1.09437 	925.356	67.226 	794.732	1060.79	3.86609 	1.52861 	1.7404     	7.18906	2874.04	1203.08	929.918 	6455.6 
121	25    	0.936921 	0.0746023	0.827438  	1.09437 	926.879	66.3158	794.732	1060.79	3.85986 	1.53588 	1.7404     	7.18906	2855.64	1214.45	929.918 	6455.6 
122	25    	0.941219 	0.0724868	0.83432   	1.09437 	930.19 	65.3443	794.732	1060.79	3.91051 	1.53062 	1.7404     	7.18906	2807.55	1182.17	929.918 	6455.6 
123	25    	0.943003 	0.0706741	0.837124  	1.09437 	931.968	63.1403	800.814	1060.79	3.93324 	1.53707 	1.7404     	7.18906	2829.73	1173.08	929.918 	6455.6 
124	25    	0.944302 	0.0691177	0.845229  	1.09437 	934.382	60.3882	804.094	1060.79	3.85842 	1.56157 	1.7404     	7.18906	2866.36	1183.68	668.7   	6455.6 
125	25    	0.947533 	0.0673727	0.84646   	1.09437 	936.754	59.5339	804.094	1060.79	3.89836 	1.56018 	1.7404     	7.18906	2820.5 	1176.59	668.7   	6455.6 
126	25    	0.949114 	0.066704 	0.852945  	1.09437 	939.495	56.6901	840.384	1060.79	3.85828 	1.55532 	1.7404     	7.18906	2896.37	1142.35	929.918 	6455.6 
127	25    	0.951071 	0.0658361	0.854316  	1.09437 	941.299	55.3198	846.784	1060.79	3.89208 	1.54833 	1.7404     	7.18906	2914.88	1118.24	929.918 	6455.6 
128	25    	0.953401 	0.0644231	0.854316  	1.09437 	944.179	55.3353	846.784	1060.79	3.88506 	1.55582 	1.7404     	7.18906	2962.81	1213.85	929.918 	6464.27
129	25    	0.955739 	0.0629619	0.855159  	1.09437 	945.713	54.4382	846.784	1060.79	3.94032 	1.55315 	1.7404     	7.18906	2937.73	1208.2 	929.918 	6464.27
130	25    	0.959087 	0.0603471	0.861956  	1.09437 	948.329	54.1113	846.784	1060.79	3.98566 	1.52523 	1.749      	7.18906	2909.88	1248.97	929.918 	6464.27
131	25    	0.960023 	0.0593152	0.868063  	1.09437 	949.059	53.4033	846.784	1060.79	4.00314 	1.50908 	1.749      	7.18906	2906.82	1246.74	929.918 	6464.27
132	25    	0.961156 	0.0580365	0.868252  	1.09437 	949.814	53.0004	846.784	1060.79	4.00451 	1.50787 	1.749      	7.18906	2870.23	1260.87	655.628 	6464.27
133	25    	0.963947 	0.0569447	0.869392  	1.09437 	952.442	52.4024	846.784	1060.79	4.03032 	1.51752 	1.749      	7.18906	2879.89	1319.71	655.628 	6464.27
134	25    	0.968812 	0.0558006	0.877467  	1.09437 	956.359	50.2982	846.784	1060.79	4.13837 	1.54419 	1.749      	7.18906	2893.1 	1287.96	655.628 	6464.27
135	25    	0.972081 	0.0555308	0.881326  	1.09437 	958.764	50.0131	846.784	1060.79	4.18883 	1.55744 	1.749      	7.18906	2857.12	1283.59	655.628 	6464.27
136	25    	0.97456  	0.0535749	0.887777  	1.09437 	960.481	48.8814	846.784	1060.79	4.24909 	1.54382 	1.749      	7.18906	2841.18	1251.91	944.11  	6464.27
137	25    	0.975653 	0.052463 	0.890087  	1.09437 	962.054	47.0669	864.209	1060.79	4.21346 	1.55023 	1.749      	7.18906	2853.55	1244.37	944.11  	6464.27
138	25    	0.980308 	0.0487756	0.891817  	1.09437 	967.396	44.2785	864.209	1060.79	4.24926 	1.54871 	1.749      	7.18906	2958.04	1325.86	944.11  	6464.54
139	25    	0.98195  	0.0481516	0.892201  	1.09437 	968.422	43.6517	864.209	1060.79	4.28926 	1.54042 	1.749      	7.18906	2936.44	1331.93	944.11  	6464.54
140	25    	0.985053 	0.0449175	0.902399  	1.09437 	970.83 	41.6177	864.209	1060.79	4.30405 	1.51114 	1.76598    	7.18906	2881.7 	1308.46	944.11  	6464.54
141	25    	0.987849 	0.0424385	0.906876  	1.09437 	974.543	39.3075	882.503	1060.79	4.25815 	1.53058 	1.76598    	7.18906	2927.56	1330.01	944.11  	6464.54
142	25    	0.989406 	0.04059  	0.918628  	1.09437 	976.697	38.0078	884.883	1060.79	4.26462 	1.52386 	1.76598    	7.18906	2993.72	1409.58	944.11  	6468.91
143	25    	0.990912 	0.0392898	0.921536  	1.09437 	977.456	38.8877	884.883	1060.79	4.31611 	1.48675 	1.93569    	7.18906	2970.52	1410.9 	944.11  	6468.91
144	25    	0.992105 	0.0380536	0.927877  	1.09437 	979.071	38.0022	884.883	1060.79	4.30675 	1.48442 	2.04168    	7.18906	3003.37	1457.79	944.11  	6468.91
145	25    	0.992345 	0.0377216	0.929111  	1.09437 	980.163	36.8309	899.16 	1060.79	4.26987 	1.49003 	2.04168    	7.18906	3051.66	1490.33	944.11  	6468.91
146	25    	0.993855 	0.0369006	0.935064  	1.09437 	982.711	36.8959	899.16 	1063.31	4.23463 	1.51222 	2.04168    	7.18906	3120.28	1548.04	944.11  	6468.91
147	25    	0.994163 	0.0365355	0.935064  	1.09437 	983.187	36.3046	899.16 	1063.31	4.22668 	1.51586 	2.04168    	7.18906	3129.15	1542.98	944.11  	6468.91
148	25    	0.996972 	0.0349096	0.942441  	1.09437 	985.951	36.6986	899.16 	1063.31	4.25857 	1.50633 	2.05259    	7.18906	3156.43	1543.62	944.11  	6464.54
149	25    	0.997389 	0.0345025	0.942441  	1.09437 	986.755	35.6542	899.16 	1063.31	4.23057 	1.50085 	2.05259    	7.18906	3167.19	1536.54	944.11  	6464.54
150	25    	0.997757 	0.0341084	0.942441  	1.09437 	987.511	34.5741	899.16 	1063.31	4.20258 	1.49481 	2.05259    	7.18906	3177.94	1529.36	944.11  	6464.54
151	25    	1.00002  	0.0325512	0.946344  	1.09437 	990.82 	32.0155	924.797	1063.31	4.16528 	1.50405 	2.05259    	7.18906	3245.16	1532.62	944.11  	6464.54
152	25    	1.001    	0.0319006	0.951916  	1.09437 	992.138	31.9132	926.6  	1063.31	4.15938 	1.52109 	2.05259    	7.18906	3273.58	1555.64	944.11  	6464.54
153	25    	1.00261  	0.0304449	0.962585  	1.09437 	994.475	30.4932	926.6  	1063.31	4.13238 	1.52605 	2.05246    	7.18906	3318.47	1568.24	944.11  	6464.59
154	25    	1.0037   	0.0301301	0.963038  	1.09437 	995.262	29.8658	926.6  	1063.31	4.16816 	1.54527 	2.05259    	7.18906	3323.99	1574.01	944.11  	6464.54
155	25    	1.0037   	0.0301301	0.963038  	1.09437 	995.262	29.8658	926.6  	1063.31	4.16816 	1.54527 	2.05259    	7.18906	3323.99	1574.01	944.11  	6464.54
156	25    	1.00436  	0.0299552	0.964121  	1.09437 	995.178	29.844 	926.6  	1063.31	4.20935 	1.54322 	2.05323    	7.18906	3290.66	1542.13	944.11  	6464.27
157	25    	1.00534  	0.0293565	0.965846  	1.09437 	996.54 	30.2607	926.6  	1063.31	4.2009  	1.55132 	2.05907    	7.18906	3320.47	1558.84	944.11  	6461.8 
158	25    	1.00609  	0.0288506	0.968842  	1.09437 	998.057	30.4294	926.6  	1063.31	4.18355 	1.56783 	2.05907    	7.18906	3380.27	1590.39	944.11  	6461.8 
159	25    	1.00662  	0.0285603	0.972488  	1.09437 	999.126	30.2919	926.6  	1063.31	4.16467 	1.57473 	2.05907    	7.18906	3415.09	1601.29	944.11  	6461.8 
160	25    	1.00689  	0.0283318	0.974439  	1.09437 	999.894	29.1401	945.015	1063.31	4.14287 	1.57272 	2.05907    	7.18906	3442.91	1581.27	944.11  	6461.8 
161	25    	1.00753  	0.0279916	0.975708  	1.09437 	1000.39	29.213 	945.015	1063.31	4.14854 	1.56632 	2.05907    	7.18906	3434.26	1567.02	944.11  	6461.8 
162	25    	1.00783  	0.0278092	0.976888  	1.09437 	1000.04	29.1967	945.015	1063.31	4.18457 	1.56034 	2.05907    	7.18906	3405.11	1537.42	944.11  	6461.8 
163	25    	1.0079   	0.0277361	0.976942  	1.09437 	1000.11	29.1353	945.015	1063.31	4.18456 	1.56035 	2.05907    	7.18906	3405.11	1537.42	944.11  	6461.8 
164	25    	1.00805  	0.0275953	0.976942  	1.09437 	1000.64	29.1289	945.015	1063.31	4.17882 	1.56834 	2.05907    	7.18906	3438.53	1567.88	944.11  	6461.8 
165	25    	1.00811  	0.0275275	0.977108  	1.09437 	1001.2 	29.1121	945.015	1063.31	4.16803 	1.57911 	2.05907    	7.18906	3476.28	1594.52	944.11  	6461.8 
166	25    	1.00858  	0.0273908	0.977189  	1.09437 	1002.04	29.4936	945.015	1063.31	4.15956 	1.58685 	2.05907    	7.18906	3506.11	1607.32	944.11  	6461.8 
167	25    	1.00936  	0.0271005	0.977316  	1.09437 	1002.4 	30.1991	945.015	1064.37	4.18209 	1.57908 	2.06205    	7.18906	3486.13	1604.81	944.11  	6460.54
168	25    	1.00999  	0.0267486	0.977488  	1.09437 	1003.17	30.488 	945.015	1064.37	4.18693 	1.58386 	2.06205    	7.18906	3504.96	1626.73	944.11  	6460.54
169	25    	1.01019  	0.0265758	0.977488  	1.09437 	1003.25	30.4198	945.015	1064.37	4.20731 	1.58337 	2.06205    	7.18906	3512.54	1624.66	944.11  	6460.54
170	25    	1.01048  	0.0263762	0.977791  	1.09437 	1003.36	30.3298	945.015	1064.37	4.23299 	1.58669 	2.06205    	7.18906	3521.06	1622.54	944.11  	6460.54
171	25    	1.01048  	0.0263762	0.977791  	1.09437 	1003.36	30.3298	945.015	1064.37	4.23299 	1.58669 	2.06205    	7.18906	3521.06	1622.54	944.11  	6460.54
172	25    	1.01099  	0.0260717	0.978874  	1.09437 	1005.06	30.0908	945.015	1064.37	4.16342 	1.59836 	2.06205    	7.18906	3571.09	1662.03	944.11  	6460.54
173	25    	1.01104  	0.0260054	0.979256  	1.09437 	1006.04	29.8687	945.015	1064.37	4.14518 	1.6151  	2.06205    	7.18906	3644.63	1702.16	944.11  	6460.54
174	25    	1.01105  	0.0259991	0.979358  	1.09437 	1006.52	29.7462	945.015	1064.37	4.13517 	1.62438 	2.06205    	7.18906	3682.25	1722.02	944.11  	6460.54
175	25    	1.01208  	0.025824 	0.979674  	1.09437 	1008.13	30.1941	945.015	1065.2 	4.12965 	1.62846 	2.06205    	7.18906	3734.84	1731.36	944.11  	6460.54
176	25    	1.01313  	0.0252491	0.983676  	1.09437 	1006.52	30.4884	945.015	1065.2 	4.22986 	1.58923 	2.06205    	7.18906	3568.47	1663.58	944.11  	6460.54
177	25    	1.01351  	0.0250888	0.983676  	1.09437 	1006.79	30.7952	945.015	1065.2 	4.23283 	1.58545 	2.06205    	7.18906	3560.49	1651.56	944.11  	6460.54
178	25    	1.01352  	0.0250836	0.983836  	1.09437 	1006.31	30.8408	945.015	1065.2 	4.2436  	1.57428 	2.1011     	7.18906	3522.75	1627.81	944.11  	6452.93
179	25    	1.01396  	0.0249398	0.983836  	1.09437 	1006.25	31.3484	945.015	1065.2 	4.25158 	1.56664 	2.1011     	7.18906	3480.73	1596.61	944.11  	6452.93
180	25    	1.01498  	0.024385 	0.98412   	1.09437 	1006.35	31.7683	945.015	1065.2 	4.29719 	1.55686 	2.1011     	7.18906	3434.01	1546.17	944.11  	6452.93
181	25    	1.0163   	0.0247882	0.98412   	1.09437 	1006.71	31.8809	945.015	1065.2 	4.36824 	1.57578 	2.1011     	7.18906	3409.42	1566.72	944.11  	6452.93
182	25    	1.0163   	0.0247882	0.98412   	1.09437 	1006.71	31.8809	945.015	1065.2 	4.36824 	1.57578 	2.1011     	7.18906	3409.42	1566.72	944.11  	6452.93
183	25    	1.01753  	0.0241031	0.98412   	1.09437 	1009.31	32.2703	945.015	1065.2 	4.34465 	1.59943 	2.1011     	7.18906	3522.83	1613.24	944.11  	6452.93
184	25    	1.01776  	0.023895 	0.98412   	1.09437 	1009.87	32.2349	945.015	1065.2 	4.3399  	1.60369 	2.1011     	7.18906	3551.67	1623.77	944.11  	6452.93
185	25    	1.01792  	0.023722 	0.98412   	1.09437 	1009.71	32.4319	945.015	1065.2 	4.36397 	1.60355 	2.1011     	7.18906	3543.15	1630.5 	944.11  	6452.93
186	25    	1.01845  	0.0233245	0.98412   	1.09437 	1010.3 	32.8689	945.015	1065.2 	4.37837 	1.61109 	2.1011     	7.18906	3563.34	1649.82	944.11  	6452.93
187	25    	1.0195   	0.0226963	0.9881    	1.09437 	1012.11	32.9511	945.015	1065.2 	4.36288 	1.62462 	2.1011     	7.18906	3623.69	1663.87	944.11  	6452.93
188	25    	1.02089  	0.0218769	0.991891  	1.09437 	1015.58	32.4348	945.015	1065.2 	4.29154 	1.65817 	2.27191    	7.18906	3761.29	1652.43	944.11  	6331.9 
189	25    	1.02122  	0.0216859	0.992073  	1.09437 	1016.21	31.6623	960.618	1065.2 	4.28574 	1.65388 	2.27191    	7.18906	3784.36	1631.31	944.11  	6331.9 
190	25    	1.02147  	0.0214919	0.99218   	1.09437 	1017.01	31.5141	960.618	1065.2 	4.25167 	1.65967 	2.27191    	7.18906	3805.58	1641.89	944.11  	6331.9 
191	25    	1.02172  	0.0212942	0.995841  	1.09437 	1017.81	31.3484	960.618	1065.2 	4.21761 	1.66474 	2.27191    	7.18906	3826.81	1652.14	944.11  	6331.9 
192	25    	1.02201  	0.0210731	0.997576  	1.09437 	1019.09	31.1507	960.618	1065.2 	4.17536 	1.68279 	2.27191    	7.18906	3883.2 	1663.94	944.11  	6331.9 
193	25    	1.02221  	0.0209355	0.997653  	1.09437 	1019.29	30.9646	960.618	1065.2 	4.17506 	1.6826  	2.27191    	7.18906	3882.9 	1664.03	944.11  	6331.9 
194	25    	1.02279  	0.0210427	0.997709  	1.09437 	1019.73	30.4343	960.618	1065.2 	4.18232 	1.68906 	2.27191    	7.18906	3876.96	1673.17	944.11  	6331.9 
195	25    	1.02302  	0.0208924	0.998174  	1.09437 	1019.86	30.2112	963.032	1065.2 	4.18697 	1.69311 	2.27191    	7.18906	3871.29	1681.41	944.11  	6331.9 
196	25    	1.0233   	0.0206708	0.998681  	1.09437 	1021.13	29.9751	963.032	1065.2 	4.14473 	1.71008 	2.27191    	7.18906	3927.7 	1691.52	944.11  	6331.9 
gen	nevals	avg      	std      	min       	max     	p-avg 	p-std  	p-min	p-max	s-avg	s-std   	s-min	s-max	t-avg  	t-std  	t-min  	t-max  
0  	100   	0.0571893	0.112118 	-0.567052 	0.654974	62.31 	89.3938	9    	606  	0.86 	0.948894	0    	6    	1372.07	6535.17	69.228 	65305.2
1  	25    	0.0681699	0.0917158	0.00231124	0.654974	66.01 	88.4521	10   	606  	1    	0.894427	0    	6    	784.006	1220.95	69.228 	10199.6
2  	25    	0.0715788	0.0920551	0.00586847	0.654974	69.1  	88.7771	13   	606  	1.02 	0.894204	0    	6    	772.122	1221.78	69.228 	10199.6
3  	25    	0.0773059	0.0955261	0.00586847	0.654974	74.65 	92.1307	16   	606  	1.07 	0.886059	0    	6    	804.413	1247.19	54.874 	10199.6
4  	25    	0.0928403	0.114405 	0.00586847	0.654974	90.65 	113.537	11   	680  	1.15 	1.15217 	0    	8    	930.974	1557.09	54.874 	10199.6
5  	25    	0.0943452	0.113832 	0.00586847	0.654974	91.58 	113.227	11   	680  	1.19 	1.1375  	0    	8    	913.484	1536.93	54.874 	10199.6
6  	25    	0.0961754	0.113017 	0.00586847	0.654974	92.91 	112.62 	11   	680  	1.24 	1.13243 	0    	8    	913.456	1540.56	54.874 	10199.6
7  	25    	0.104111 	0.115519 	0.00586847	0.654974	100.96	115.516	11   	680  	1.28 	1.14088 	0    	8    	964.911	1622.2 	54.874 	10199.6
8  	25    	0.108317 	0.116539 	0.00586847	0.654974	106.43	117.254	19   	680  	1.25 	1.16082 	0    	8    	1061.27	1776.96	54.874 	10199.6
9  	25    	0.126291 	0.150625 	0.00586847	1.02629 	123.29	149.161	19   	1000 	1.31 	1.25455 	0    	8    	1009.93	1748.84	54.874 	10199.6
10 	25    	0.133969 	0.150421 	0.00586847	1.02629 	130.73	148.959	15   	1000 	1.32 	1.25603 	0    	8    	996.087	1746.76	26.226 	10199.6
11 	25    	0.142318 	0.1537   	0.00586847	1.02629 	139.35	150.73 	15   	1000 	1.35 	1.33697 	0    	8    	1053.19	1796.65	26.226 	10199.6
12 	25    	0.144063 	0.153052 	0.00586847	1.02629 	141.21	149.95 	19   	1000 	1.33 	1.35687 	0    	8    	1044.71	1797.73	26.226 	10199.6
13 	25    	0.156338 	0.173017 	0.00586847	1.02629 	152.93	171.363	28   	1000 	1.35 	1.36657 	0    	8    	1009.18	1784.59	26.226 	10199.6
14 	25    	0.161504 	0.171386 	0.00586847	1.02629 	158.45	169.581	28   	1000 	1.39 	1.36305 	0    	8    	1084.65	1799.01	26.226 	10199.6
15 	25    	0.162242 	0.171439 	0.00586847	1.02629 	159.05	169.61 	27   	1000 	1.37 	1.3759  	0    	8    	1050.82	1804.69	0.931  	10199.6
16 	25    	0.165225 	0.170193 	0.00586847	1.02629 	162.35	168.227	28   	1000 	1.39 	1.40638 	0    	8    	1102.48	1864.43	0.931  	10199.6
17 	25    	0.181187 	0.203803 	0.00586847	1.07387 	176.63	196.004	28   	1000 	1.52 	1.88934 	0    	14   	1064.26	1659.1 	0.931  	10199.6
18 	25    	0.187551 	0.20225  	0.00586847	1.07387 	185.16	194.187	36   	1000 	1.56 	1.88319 	0    	14   	1320.86	2211.4 	0.931  	13956.9
19 	25    	0.189891 	0.203155 	0.00586847	1.07387 	186.97	195.032	36   	1000 	1.6  	1.94936 	0    	14   	1307.89	2220.6 	0.931  	13956.9
20 	25    	0.196166 	0.202735 	0.00586847	1.07387 	193.08	194.138	36   	1000 	1.65 	1.9666  	0    	14   	1341.45	2238.81	0.931  	13956.9
21 	25    	0.195538 	0.20262  	0.00585509	1.07387 	193.12	193.748	36   	1000 	1.61 	1.95906 	0    	14   	1368.2 	2256.57	0.931  	13956.9
22 	25    	0.198185 	0.201654 	0.00585509	1.07387 	195.51	192.787	36   	1000 	1.64 	1.95202 	0    	14   	1372.53	2256.66	0.931  	13956.9
23 	25    	0.198836 	0.200975 	0.00585509	1.07387 	196.21	192.094	38   	1000 	1.64 	1.9106  	0    	14   	1377.37	2254.12	0.931  	13956.9
24 	25    	0.217224 	0.218891 	0.00585509	1.07387 	212.95	211.053	38   	1000 	1.71 	1.95087 	0    	14   	1282.6 	2119.98	0.931  	13956.9
25 	25    	0.216273 	0.219341 	0.00585509	1.07387 	211.44	211.709	38   	1000 	1.7  	1.95192 	0    	14   	1216.65	2068.94	0.931  	13956.9
26 	25    	0.230138 	0.237717 	0.00585509	1.07387 	223.67	229.029	38   	1000 	1.76 	1.97038 	0    	14   	1113.21	1635.19	0.931  	10199.6
27 	25    	0.233511 	0.236519 	0.00585509	1.07387 	226.79	227.881	38   	1000 	1.8  	1.95448 	0    	14   	1127.88	1632.78	0.931  	10199.6
28 	25    	0.236488 	0.235501 	0.00585509	1.07387 	228.65	227.397	38   	1000 	1.82 	1.95131 	0    	14   	1036.21	1527.83	0.931  	10199.6
29 	25    	0.242157 	0.240848 	0.00350564	1.07387 	234.6 	232.752	38   	1000 	1.88 	2.29469 	0    	16   	1124.26	1748.36	0.931  	10199.6
30 	25    	0.240372 	0.242475 	0.00350564	1.07387 	233.2 	234.097	20   	1000 	1.89 	2.28427 	0    	16   	1172.83	1789.04	0.931  	10199.6
31 	25    	0.253354 	0.245798 	0.00350564	1.07387 	245.63	237.489	38   	1000 	1.99 	2.26934 	0    	16   	1217.62	1810.58	0.931  	10199.6
32 	25    	0.256809 	0.245038 	0.00350564	1.07387 	248.96	236.733	38   	1000 	1.99 	2.26934 	0    	16   	1205.12	1814.12	0.931  	10199.6
33 	25    	0.253169 	0.247303 	-0.0521881	1.07387 	246.48	237.937	38   	1000 	1.97 	2.27357 	0    	16   	1301.1 	2018.74	0.931  	10199.6
34 	25    	0.278639 	0.281754 	-0.0521881	1.15862 	270.8 	269.841	38   	1000 	2.07 	2.66929 	0    	16   	1286.06	2012.76	0.931  	10199.6
35 	25    	0.299063 	0.301909 	-0.0521881	1.15862 	288.69	287.105	38   	1000 	2.27 	2.85956 	0    	16   	1232.67	1902.78	0.931  	10199.6
36 	25    	0.298524 	0.302893 	-0.0521881	1.15862 	288.89	287.278	38   	1000 	2.28 	2.85335 	0    	16   	1316.57	2060.01	0.931  	10199.6
37 	25    	0.309778 	0.311953 	-0.0521881	1.15862 	299.13	294.15 	38   	1000 	2.4  	3.08221 	0    	16   	1335.2 	2059.17	0.931  	10199.6
38 	25    	0.306846 	0.312693 	-0.0521881	1.15862 	296.52	294.943	10   	1000 	2.37 	3.08433 	0    	16   	1337.39	2058.08	0.931  	10199.6
39 	25    	0.320805 	0.327594 	-0.0521881	1.15862 	310.55	311.478	10   	1000 	2.35 	3.09314 	0    	16   	1324.48	2043.8 	0.931  	10199.6
40 	25    	0.331965 	0.339152 	-0.0521881	1.15862 	322.09	322.427	10   	1000 	2.39 	3.11093 	0    	16   	1402.53	2203.73	0.931  	10199.6
41 	25    	0.342246 	0.342011 	-0.0521881	1.15862 	333.14	325.703	10   	1000 	2.43 	3.1345  	0    	16   	1519.36	2288.14	0.931  	10199.6
42 	25    	0.344802 	0.341509 	-0.0521881	1.15862 	335.87	325.047	10   	1000 	2.41 	3.13718 	0    	16   	1516.76	2289.48	0.931  	10199.6
43 	25    	0.366908 	0.351705 	-0.0428029	1.15862 	356.01	335.995	10   	1000 	2.51 	3.34812 	0    	16   	1420.21	2154.84	0.931  	10199.6
44 	25    	0.379465 	0.358874 	-0.0428029	1.15862 	367.93	342.983	10   	1000 	2.6  	3.39116 	0    	16   	1446.5 	2154.31	0.931  	10199.6
45 	25    	0.397681 	0.365471 	-0.0428029	1.15862 	386.55	351.17 	10   	1000 	2.63 	3.39015 	0    	16   	1516.9 	2250.41	0.931  	10199.6
46 	25    	0.412936 	0.367618 	-0.0581367	1.15862 	401.89	352.225	10   	1000 	2.72 	3.41491 	0    	16   	1615.39	2416.13	0.931  	10713.7
47 	25    	0.420809 	0.368171 	-0.0581367	1.15862 	410.65	354.41 	10   	1000 	2.69 	3.43131 	0    	16   	1674.13	2530.75	0.931  	10713.7
48 	25    	0.457981 	0.371417 	-0.0581367	1.15862 	448.31	358.12 	36   	1000 	2.75 	3.43329 	0    	16   	1782.9 	2539.73	0.931  	10713.7
49 	25    	0.48297  	0.376676 	-0.0581367	1.15862 	475.93	365.644	36   	1000 	2.65 	3.21675 	0    	16   	1945.97	2720.47	0.931  	11983.3
50 	25    	0.486491 	0.372423 	-0.0581367	1.15862 	479.14	363.615	36   	1000 	2.6  	3.2187  	0    	16   	1864.86	2552.65	0.931  	11983.3
51 	25    	0.503261 	0.372682 	-0.0581367	1.15862 	493.87	362.103	36   	1000 	2.69 	3.22706 	0    	16   	1750.9 	2349.29	0.931  	10713.7
52 	25    	0.516001 	0.369954 	-0.0581367	1.15862 	505.82	358.69 	36   	1000 	2.77 	3.26146 	0    	16   	1751.94	2348.64	0.931  	10713.7
53 	25    	0.520828 	0.370611 	-0.0581367	1.15862 	511.33	360.036	36   	1000 	2.74 	3.25152 	0    	16   	1790.18	2369.56	1.855  	10713.7
54 	25    	0.538455 	0.375659 	-0.0581367	1.15862 	528.14	362.486	39   	1000 	2.91 	3.37667 	0    	16   	1878.54	2401.3 	26.226 	10713.7
55 	25    	0.555754 	0.366674 	0.0513109 	1.15862 	546   	354.714	54   	1000 	3    	3.37639 	0    	16   	2024.58	2483.63	26.226 	11746.7
56 	25    	0.555551 	0.367143 	0.0513109 	1.15862 	546.64	354.358	54   	1000 	2.96 	3.39976 	0    	16   	2068.9 	2477.43	26.226 	11746.7
57 	25    	0.566226 	0.36265  	0.0513109 	1.15862 	557.33	350.141	54   	1000 	2.97 	3.3984  	0    	16   	2080.45	2468.85	26.226 	11746.7
58 	25    	0.564315 	0.36236  	0.0513109 	1.15862 	555.07	350.78 	54   	1000 	2.96 	3.4027  	0    	16   	2035.49	2343.62	26.226 	10199.6
59 	25    	0.575193 	0.357727 	0.0513109 	1.15862 	566.58	346.834	54   	1000 	3.04 	3.39093 	0    	16   	2178.74	2480.49	26.226 	10633.3
60 	25    	0.566792 	0.360915 	0.0513109 	1.15862 	558.22	350.672	54   	1000 	3    	3.35261 	0    	16   	2142.8 	2486.64	26.226 	10633.3
61 	25    	0.557223 	0.366294 	0.0513109 	1.15862 	549.57	357.484	54   	1000 	2.89 	3.29513 	0    	16   	2124.7 	2495.5 	26.226 	10633.3
62 	25    	0.559046 	0.370073 	0.0513109 	1.15862 	550.37	359.532	54   	1000 	3.07 	3.45038 	0    	16   	2202.43	2499.11	26.226 	10633.3
63 	25    	0.567541 	0.370063 	0.0513109 	1.15862 	559.05	359.653	54   	1000 	3.07 	3.44748 	0    	16   	2220.9 	2492.74	26.226 	10633.3
64 	25    	0.586441 	0.368675 	0.0513109 	1.15862 	577.83	358.18 	54   	1000 	3.14 	3.42934 	0    	16   	2278.92	2485.47	26.226 	10633.3
65 	25    	0.595996 	0.365456 	0.0513109 	1.15862 	588.46	356.189	54   	1000 	3.2  	3.39706 	0    	16   	2446.41	2590.96	26.226 	10633.3
66 	25    	0.59947  	0.365847 	0.0513109 	1.15862 	593.59	355.383	54   	1000 	3.2  	3.38821 	0    	16   	2612.03	2641.99	26.226 	10633.3
67 	25    	0.615232 	0.363668 	0.0513109 	1.15862 	609.72	353.2  	54   	1000 	3.27 	3.37892 	0    	16   	2718.75	2638.88	26.226 	10633.3
68 	25    	0.631743 	0.352694 	0.0513944 	1.15862 	626.38	342.931	84   	1000 	3.25 	3.25692 	0    	16   	2713.72	2540.64	26.226 	10633.3
69 	25    	0.638685 	0.347852 	0.0513944 	1.15862 	634.99	337.924	88   	1000 	3.21 	3.29635 	0    	16   	2840.52	2537.83	26.226 	10633.3
70 	25    	0.638901 	0.345412 	0.0513944 	1.08791 	636.65	336.357	88   	1000 	3.15 	3.0996  	0    	14   	2924.88	2509.17	26.226 	10633.3
71 	25    	0.654416 	0.347066 	0.0513944 	1.08791 	652.06	337.883	88   	1000 	3.2  	3.17805 	0    	14   	2964.41	2530.4 	26.226 	10633.3
72 	25    	0.663834 	0.328965 	0.0697915 	1.08791 	666.48	327.314	88   	1000 	2.72 	2.29382 	0    	10   	2984.62	2517.45	26.226 	10633.3
73 	25    	0.667257 	0.326064 	0.0697915 	1.08791 	670.36	324.418	88   	1000 	2.76 	2.31569 	0    	10   	3070.26	2594.84	26.226 	10633.3
74 	25    	0.675322 	0.331276 	0.0697915 	1.08791 	680.78	329.541	88   	1000 	2.54 	2.19736 	0    	10   	3085.84	2571.96	26.226 	10633.3
75 	25    	0.695901 	0.329034 	0.0697915 	1.1468  	701.96	326.786	88   	1000 	2.58 	2.54629 	0    	16   	3185.86	2653.27	26.226 	10633.3
76 	25    	0.700181 	0.330374 	0.0697915 	1.1468  	706.27	326.88 	88   	1000 	2.61 	2.63778 	0    	16   	3218.85	2651.41	26.226 	10633.3
77 	25    	0.72165  	0.324354 	0.0697915 	1.14859 	725.64	318.608	88   	1000 	2.88 	3.01091 	0    	16   	3278.95	2640.23	107.076	10633.3
78 	25    	0.727643 	0.320432 	0.0697915 	1.14859 	733.37	315.781	88   	1000 	2.83 	3.11145 	0    	16   	3402.67	2637.67	107.076	10633.3
79 	25    	0.73785  	0.310031 	0.0697915 	1.14859 	743.21	306.138	100  	1000 	2.9  	3.17333 	0    	16   	3436.03	2535.39	107.076	10633.3
80 	25    	0.748744 	0.310824 	0.0697915 	1.14859 	752.7 	306.014	100  	1000 	2.99 	3.34513 	0    	16   	3385.6 	2389.22	107.076	10633.3
81 	25    	0.765967 	0.305514 	0.0697915 	1.14859 	770.25	300.33 	100  	1000 	3.07 	3.36528 	0    	16   	3498.28	2417.28	107.076	10633.3
82 	25    	0.764818 	0.296916 	0.0697915 	1.14859 	770.17	293.471	100  	1000 	3.05 	3.26917 	0    	16   	3585.25	2450.18	107.076	10633.3
83 	25    	0.767155 	0.299059 	0.0697915 	1.14859 	770.17	293.471	100  	1000 	3.24 	3.50463 	0    	16   	3541.54	2443.85	107.076	10633.3
84 	25    	0.762829 	0.303098 	0.0697915 	1.14859 	766.24	297.589	100  	1000 	3.18 	3.47385 	0    	16   	3521.14	2452.79	107.076	10633.3
85 	25    	0.789355 	0.282085 	0.107203  	1.14859 	793.37	277.659	100  	1000 	3.23 	3.59682 	0    	16   	3631.55	2462.62	107.076	10633.3
86 	25    	0.796126 	0.279814 	0.107203  	1.14859 	798.09	274.622	100  	1000 	3.36 	3.68109 	0    	16   	3556.38	2443.79	107.076	10633.3
87 	25    	0.811975 	0.280346 	0.107203  	1.14859 	815.73	274.648	100  	1000 	3.21 	3.52504 	0    	16   	3585.48	2361.38	107.076	10633.3
88 	25    	0.823689 	0.271322 	0.107203  	1.14859 	828.16	266.892	100  	1000 	3.12 	3.50223 	0    	16   	3567.09	2290.43	107.076	10633.3
89 	25    	0.833528 	0.265286 	0.107203  	1.14859 	837.87	261.038	100  	1000 	3.12 	3.50223 	0    	16   	3554.22	2189.63	107.076	9293.03
90 	25    	0.838165 	0.255732 	0.107203  	1.14859 	843.67	252.081	100  	1000 	3.03 	3.48269 	0    	16   	3580.5 	2065.21	107.076	9293.03
91 	25    	0.845516 	0.249629 	0.107203  	1.14859 	852.51	246.111	100  	1000 	2.96 	3.40858 	0    	16   	3659.41	2079.97	107.076	9293.03
92 	25    	0.851703 	0.246376 	0.107203  	1.14859 	859.82	242.978	100  	1000 	2.89 	3.32835 	0    	16   	3701.73	2068.72	152.677	9293.03
93 	25    	0.868837 	0.234295 	0.107203  	1.14859 	875.58	229.537	100  	1000 	3.05 	3.60104 	0    	16   	3724.28	2050.56	279.731	9293.03
94 	25    	0.876292 	0.226744 	0.107203  	1.14859 	882.81	221.826	100  	1000 	3.06 	3.60228 	0    	16   	3711.76	2052.25	279.731	9293.03
95 	25    	0.888218 	0.213004 	0.305145  	1.14859 	896.12	206.519	328  	1000 	2.95 	3.53377 	0    	16   	3740.24	1931.79	285.595	8705.11
96 	25    	0.885543 	0.210073 	0.305145  	1.14859 	895.93	205.95 	328  	1000 	2.75 	3.19179 	0    	16   	3788.73	1883.52	382.832	8705.11
97 	25    	0.90195  	0.197809 	0.305145  	1.14859 	911.94	193.316	328  	1000 	2.9  	3.43366 	0    	16   	3899   	1936.42	382.832	8705.11
98 	25    	0.912637 	0.185289 	0.305145  	1.14859 	923.54	180.406	328  	1000 	2.87 	3.43993 	0    	16   	3960.29	1945.84	382.832	8705.11
99 	25    	0.911701 	0.191871 	0.305145  	1.15151 	921.1 	185.518	328  	1000 	3.02 	3.74961 	0    	18   	3959.92	1940.16	382.832	8705.11
100	25    	0.907237 	0.193722 	0.305145  	1.14859 	918.44	188.995	328  	1000 	2.89 	3.46668 	0    	16   	4010.31	2055.48	382.832	8705.11
101	25    	0.902041 	0.195971 	0.305145  	1.14859 	913.9 	192.424	328  	1000 	2.82 	3.39523 	0    	16   	4005.87	2047.14	382.832	8705.11
102	25    	0.915254 	0.174371 	0.305145  	1.1468  	931.36	171.95 	328  	1000 	2.52 	2.82305 	0    	16   	4130.61	2054.71	382.832	8705.11
103	25    	0.918827 	0.165587 	0.305145  	1.14424 	937.19	164.117	328  	1000 	2.36 	2.48403 	0    	16   	4196.31	2027.81	382.832	8705.11
104	25    	0.912794 	0.178497 	0.059503  	1.14424 	933.51	175.787	105  	1000 	2.22 	2.34342 	0    	16   	4291.64	2087.3 	382.832	9002.98
105	25    	0.910228 	0.179542 	0.059503  	1.14424 	930.2 	177.611	105  	1000 	2.27 	2.37004 	0    	16   	4267.16	2101.19	382.832	9002.98
106	25    	0.924033 	0.15877  	0.059503  	1.14424 	946.24	157.956	105  	1000 	2.25 	2.29946 	0    	16   	4470.71	2197.97	382.832	9879.32
107	25    	0.940293 	0.142425 	0.059503  	1.14424 	963.29	138.218	105  	1000 	2.24 	2.30269 	0    	16   	4539.71	2195.09	382.832	9879.32
108	25    	0.944941 	0.139766 	0.059503  	1.14424 	968.09	135.134	105  	1000 	2.26 	2.35635 	0    	16   	4574.87	2156.51	382.832	9879.32
109	25    	0.948833 	0.137196 	0.059503  	1.14424 	971.44	131.687	105  	1000 	2.29 	2.35072 	0    	16   	4550.71	2184.47	382.832	9879.32
110	25    	0.949592 	0.13299  	0.059503  	1.14424 	975   	127.533	105  	1000 	2.11 	1.90208 	0    	16   	4650.76	2157.39	382.832	9879.32
111	25    	0.949537 	0.132986 	0.059503  	1.14424 	975   	127.533	105  	1000 	2.1  	1.90526 	0    	16   	4646.35	2155.49	382.832	9879.32
112	25    	0.940496 	0.151524 	0.059503  	1.07617 	966.86	149.725	105  	1000 	1.94 	1.30246 	0    	8    	4576.43	2198.29	208.004	9879.32
113	25    	0.940496 	0.151524 	0.059503  	1.07617 	966.86	149.725	105  	1000 	1.94 	1.30246 	0    	8    	4576.43	2198.29	208.004	9879.32
114	25    	0.94899  	0.137814 	0.059503  	1.07617 	974.33	135.221	105  	1000 	1.98 	1.31894 	0    	8    	4514.01	2244.88	208.004	9879.32
115	25    	0.949853 	0.136238 	0.059503  	1.07617 	976.85	133.314	105  	1000 	1.86 	1.16636 	0    	8    	4559.67	2225.2 	208.004	9879.32
116	25    	0.966282 	0.0682157	0.352931  	1.07617 	993.94	60.2962	394  	1000 	1.87 	1.18874 	0    	8    	4635.76	2181.96	382.832	9879.32
117	25    	0.968816 	0.0707949	0.352931  	1.15515 	993.94	60.2962	394  	1000 	2.04 	1.83259 	0    	16   	4552.38	2222.6 	382.832	9879.32
118	25    	0.968387 	0.0709777	0.352931  	1.15515 	993.94	60.2962	394  	1000 	2.05 	1.82962 	0    	16   	4605.26	2284.13	382.832	9879.32
119	25    	0.966958 	0.0710165	0.352931  	1.15515 	993.94	60.2962	394  	1000 	2.03 	1.81909 	0    	16   	4728.23	2333.88	382.832	9879.32
120	25    	0.968108 	0.0728119	0.352931  	1.15515 	993.94	60.2962	394  	1000 	2.1  	2.24277 	0    	16   	4683.17	2301.18	382.832	9879.32
121	25    	0.968331 	0.0728871	0.352931  	1.15515 	993.94	60.2962	394  	1000 	2.09 	2.24542 	0    	16   	4650.95	2302.35	382.832	9879.32
122	25    	0.969664 	0.0728624	0.352931  	1.15515 	993.94	60.2962	394  	1000 	2.11 	2.24007 	0    	16   	4537.6 	2305.81	382.832	9879.32
123	25    	0.971146 	0.0746274	0.352931  	1.15515 	993.94	60.2962	394  	1000 	2.27 	2.46923 	0    	16   	4549.42	2368.56	382.832	9879.32
124	25    	0.971248 	0.0765213	0.352931  	1.15515 	993.94	60.2962	394  	1000 	2.38 	2.78129 	0    	16   	4649.17	2387.23	382.832	9879.32
125	25    	0.972108 	0.0764078	0.352931  	1.15515 	993.94	60.2962	394  	1000 	2.38 	2.78129 	0    	16   	4563.21	2342.32	382.832	9879.32
126	25    	0.968985 	0.0745623	0.352931  	1.15515 	993.94	60.2962	394  	1000 	2.25 	2.47538 	0    	16   	4745.51	2353.03	382.832	9879.32
127	25    	0.969221 	0.0747579	0.352931  	1.15515 	993.94	60.2962	394  	1000 	2.28 	2.4903  	0    	16   	4751.92	2349.07	382.832	9879.32
128	25    	0.968724 	0.0750679	0.352931  	1.15515 	993.94	60.2962	394  	1000 	2.26 	2.49648 	0    	16   	4781.63	2405.44	382.832	10116.6
129	25    	0.969746 	0.074953 	0.352931  	1.15515 	993.94	60.2962	394  	1000 	2.26 	2.49648 	0    	16   	4679.39	2354.35	382.832	10116.6
130	25    	0.970898 	0.0750524	0.352931  	1.15515 	993.94	60.2962	394  	1000 	2.28 	2.4903  	0    	16   	4584.24	2382.59	382.832	10116.6
131	25    	0.977518 	0.0421862	0.908834  	1.15515 	1000  	0      	1000 	1000 	2.33 	2.49421 	1    	16   	4578.17	2377.41	382.832	10116.6
132	25    	0.977906 	0.0421205	0.908834  	1.15515 	1000  	0      	1000 	1000 	2.34 	2.49086 	1    	16   	4549.37	2379.1 	382.832	10116.6
133	25    	0.978791 	0.0440989	0.908834  	1.15515 	1000  	0      	1000 	1000 	2.43 	2.60098 	1    	16   	4550.86	2465.12	382.832	10116.6
134	25    	0.979776 	0.0436299	0.908834  	1.15503 	1000  	0      	1000 	1000 	2.49 	2.47182 	1    	16   	4512.36	2484.71	382.832	10116.6
135	25    	0.980335 	0.0434891	0.908834  	1.15503 	1000  	0      	1000 	1000 	2.5  	2.46779 	1    	16   	4466.47	2500.13	382.832	10116.6
136	25    	0.981412 	0.0436036	0.908834  	1.15503 	1000  	0      	1000 	1000 	2.54 	2.46341 	1    	16   	4398.8 	2529.78	382.832	10116.6
137	25    	0.980428 	0.0432   	0.908834  	1.15503 	1000  	0      	1000 	1000 	2.5  	2.43926 	1    	16   	4457.18	2519.81	382.832	10116.6
138	25    	0.97718  	0.0435652	0.908834  	1.15503 	1000  	0      	1000 	1000 	2.41 	2.41286 	1    	16   	4691.98	2606.96	382.832	10116.6
139	25    	0.9778   	0.0435322	0.908834  	1.15503 	1000  	0      	1000 	1000 	2.41 	2.41286 	1    	16   	4629.97	2624.98	382.832	10116.6
140	25    	0.977901 	0.0432167	0.908834  	1.15503 	1000  	0      	1000 	1000 	2.44 	2.40133 	1    	16   	4649.92	2602.67	382.832	10116.6
141	25    	0.976653 	0.043865 	0.908834  	1.15503 	1000  	0      	1000 	1000 	2.45 	2.39739 	1    	16   	4784.68	2662.24	382.832	10116.6
142	25    	0.975697 	0.0441793	0.908834  	1.15503 	1000  	0      	1000 	1000 	2.43 	2.39272 	1    	16   	4860.29	2713.79	382.832	10116.6
143	25    	0.976572 	0.0440426	0.908834  	1.15503 	1000  	0      	1000 	1000 	2.45 	2.38485 	1    	16   	4792.76	2726.36	382.832	10116.6
144	25    	0.976211 	0.0443748	0.907713  	1.15503 	1000  	0      	1000 	1000 	2.49 	2.39372 	1    	16   	4868.89	2724.87	382.832	10228.7
145	25    	0.975306 	0.0447441	0.907713  	1.15503 	1000  	0      	1000 	1000 	2.48 	2.39783 	1    	16   	4949.37	2749.38	382.832	10228.7
146	25    	0.972422 	0.0433014	0.907713  	1.15503 	1000  	0      	1000 	1000 	2.33 	2.19114 	1    	16   	5087.83	2793.48	382.832	10228.7
147	25    	0.971849 	0.0430433	0.907713  	1.15503 	1000  	0      	1000 	1000 	2.31 	2.18493 	1    	16   	5125.07	2776.54	382.832	10228.7
148	25    	0.971226 	0.0428787	0.907713  	1.15503 	1000  	0      	1000 	1000 	2.3  	2.17486 	1    	16   	5177.41	2773.29	382.832	10228.7
149	25    	0.970771 	0.0428323	0.907713  	1.15503 	1000  	0      	1000 	1000 	2.3  	2.17486 	1    	16   	5222.94	2761.17	382.832	10228.7
150	25    	0.970329 	0.0427754	0.907713  	1.15503 	1000  	0      	1000 	1000 	2.3  	2.17486 	1    	16   	5267.06	2747.53	382.832	10228.7
151	25    	0.968862 	0.0427554	0.907713  	1.15503 	1000  	0      	1000 	1000 	2.31 	2.17115 	1    	16   	5423.83	2688.56	382.832	10228.7
152	25    	0.968275 	0.0430524	0.907713  	1.15503 	1000  	0      	1000 	1000 	2.3  	2.17486 	1    	16   	5472.53	2714.8 	382.832	10228.7
153	25    	0.966898 	0.0432037	0.907713  	1.15503 	1000  	0      	1000 	1000 	2.3  	2.17486 	1    	16   	5610.16	2711.95	382.832	10228.7
154	25    	0.967336 	0.0436493	0.907713  	1.15503 	1000  	0      	1000 	1000 	2.34 	2.18733 	1    	16   	5606.43	2728.65	382.832	10228.7
155	25    	0.967336 	0.0436493	0.907713  	1.15503 	1000  	0      	1000 	1000 	2.34 	2.18733 	1    	16   	5606.43	2728.65	382.832	10228.7
156	25    	0.967973 	0.0432976	0.907713  	1.15503 	1000  	0      	1000 	1000 	2.35 	2.18346 	1    	16   	5552.72	2697.87	382.832	10228.7
157	25    	0.96738  	0.0436415	0.907713  	1.15503 	1000  	0      	1000 	1000 	2.34 	2.18733 	1    	16   	5602   	2729.21	382.832	10228.7
158	25    	0.966623 	0.0440678	0.907713  	1.15503 	1000  	0      	1000 	1000 	2.32 	2.1949  	1    	16   	5657.73	2762.46	382.832	10228.7
159	25    	0.965325 	0.0438672	0.907713  	1.15503 	1000  	0      	1000 	1000 	2.28 	2.18211 	1    	16   	5747.53	2761.41	382.832	10228.7
160	25    	0.964661 	0.0435891	0.907713  	1.15503 	1000  	0      	1000 	1000 	2.28 	2.18211 	1    	16   	5813.88	2710.16	382.832	10228.7
161	25    	0.964568 	0.0435369	0.907713  	1.15503 	1000  	0      	1000 	1000 	2.28 	2.18211 	1    	16   	5823.22	2702.38	382.832	10228.7
162	25    	0.965163 	0.0432179	0.907713  	1.15503 	1000  	0      	1000 	1000 	2.29 	2.17851 	1    	16   	5773.69	2674.02	382.832	10228.7
163	25    	0.965144 	0.0432229	0.907713  	1.15503 	1000  	0      	1000 	1000 	2.29 	2.17851 	1    	16   	5775.59	2674.62	382.832	10228.7
164	25    	0.964854 	0.0435547	0.907713  	1.15503 	1000  	0      	1000 	1000 	2.28 	2.18211 	1    	16   	5794.56	2707.16	382.832	10228.7
165	25    	0.964398 	0.0439105	0.907713  	1.15503 	1000  	0      	1000 	1000 	2.27 	2.18566 	1    	16   	5830.23	2741.62	382.832	10228.7
166	25    	0.964048 	0.0441309	0.907713  	1.15503 	1000  	0      	1000 	1000 	2.26 	2.18916 	1    	16   	5855.16	2759.87	382.832	10228.7
167	25    	0.96461  	0.0440769	0.907713  	1.15503 	1000  	0      	1000 	1000 	2.26 	2.18916 	1    	16   	5799.03	2760.86	382.832	10228.7
168	25    	0.964657 	0.0443589	0.907713  	1.15503 	1000  	0      	1000 	1000 	2.25 	2.1926  	1    	16   	5784.29	2792.42	382.832	10228.7
169	25    	0.964955 	0.0443861	0.907713  	1.15503 	1000  	0      	1000 	1000 	2.25 	2.1926  	1    	16   	5754.54	2799.39	382.832	10228.7
170	25    	0.965129 	0.0443768	0.907713  	1.15503 	1000  	0      	1000 	1000 	2.25 	2.1926  	1    	16   	5737.13	2799.48	382.832	10228.7
171	25    	0.965129 	0.0443768	0.907713  	1.15503 	1000  	0      	1000 	1000 	2.25 	2.1926  	1    	16   	5737.13	2799.48	382.832	10228.7
172	25    	0.963479 	0.0447466	0.907713  	1.15503 	1000  	0      	1000 	1000 	2.19 	2.18493 	1    	16   	5842.06	2847.4 	382.832	10228.7
173	25    	0.96262  	0.0452991	0.907713  	1.15503 	1000  	0      	1000 	1000 	2.17 	2.19114 	1    	16   	5908.04	2898.24	382.832	10228.7
174	25    	0.962228 	0.0455705	0.907713  	1.15503 	1000  	0      	1000 	1000 	2.16 	2.19417 	1    	16   	5937.19	2923.23	382.832	10228.7
175	25    	0.961475 	0.0459517	0.907713  	1.15503 	1000  	0      	1000 	1000 	2.14 	2.20009 	1    	16   	5992.53	2954.78	382.832	10228.7
176	25    	0.963908 	0.0448622	0.907713  	1.15503 	1000  	0      	1000 	1000 	2.18 	2.18806 	1    	16   	5789.24	2861.44	382.832	10228.7
177	25    	0.964049 	0.0447067	0.907713  	1.15503 	1000  	0      	1000 	1000 	2.18 	2.18806 	1    	16   	5775.09	2842.88	382.832	10228.7
178	25    	0.964498 	0.0443628	0.907737  	1.15503 	1000  	0      	1000 	1000 	2.19 	2.18493 	1    	16   	5740.2 	2809.22	382.832	10226.3
179	25    	0.964937 	0.0440298	0.907737  	1.15503 	1000  	0      	1000 	1000 	2.2  	2.18174 	1    	16   	5706.29	2777.17	382.832	10226.3
180	25    	0.965735 	0.0435429	0.907737  	1.15503 	1000  	0      	1000 	1000 	2.21 	2.17851 	1    	16   	5636.5 	2727.92	382.832	10226.3
181	25    	0.967659 	0.0453913	0.907737  	1.15503 	1000  	0      	1000 	1000 	2.28 	2.31551 	1    	16   	5514.09	2793.68	382.832	10226.3
182	25    	0.967659 	0.0453913	0.907737  	1.15503 	1000  	0      	1000 	1000 	2.28 	2.31551 	1    	16   	5514.09	2793.68	382.832	10226.3
183	25    	0.966409 	0.0462189	0.907737  	1.15503 	1000  	0      	1000 	1000 	2.24 	2.3286  	1    	16   	5599.09	2862.38	382.832	10226.3
184	25    	0.966044 	0.0464697	0.907737  	1.15503 	1000  	0      	1000 	1000 	2.23 	2.33176 	1    	16   	5625.57	2884.96	382.832	10226.3
185	25    	0.966442 	0.0465228	0.907737  	1.15503 	1000  	0      	1000 	1000 	2.23 	2.33176 	1    	16   	5585.85	2896.66	382.832	10226.3
186	25    	0.966504 	0.046798 	0.907737  	1.15503 	1000  	0      	1000 	1000 	2.22 	2.33487 	1    	16   	5569.59	2927.37	382.832	10226.3
187	25    	0.96563  	0.0472195	0.907737  	1.15503 	1000  	0      	1000 	1000 	2.2  	2.34094 	1    	16   	5637.02	2962.85	382.832	10226.3
188	25    	0.963498 	0.0476403	0.910553  	1.15503 	1000  	0      	1000 	1000 	2.16 	2.35253 	1    	16   	5810.23	2974.51	382.832	9944.73
189	25    	0.962852 	0.0471301	0.910553  	1.15503 	1000  	0      	1000 	1000 	2.14 	2.34529 	1    	16   	5854.83	2930.82	382.832	9944.73
190	25    	0.962318 	0.0473053	0.910553  	1.15503 	1000  	0      	1000 	1000 	2.13 	2.348   	1    	16   	5898.24	2944.32	382.832	9944.73
191	25    	0.961779 	0.0474886	0.910553  	1.15503 	1000  	0      	1000 	1000 	2.12 	2.35066 	1    	16   	5942.13	2959   	382.832	9944.73
192	25    	0.960801 	0.0477712	0.910553  	1.15503 	1000  	0      	1000 	1000 	2.1  	2.35584 	1    	16   	6019.89	2978.07	382.832	9944.73
193	25    	0.960741 	0.0477519	0.910553  	1.15503 	1000  	0      	1000 	1000 	2.1  	2.35584 	1    	16   	6025.91	2974.78	382.832	9944.73
194	25    	0.96175  	0.0494815	0.910553  	1.15503 	1000  	0      	1000 	1000 	2.18 	2.48347 	1    	16   	6005   	3006.05	382.832	9944.73
195	25    	0.962768 	0.0511263	0.910553  	1.15503 	1000  	0      	1000 	1000 	2.26 	2.60238 	1    	16   	5983.19	3037.43	382.832	9944.73
196	25    	0.961768 	0.0514087	0.910553  	1.15503 	1000  	0      	1000 	1000 	2.24 	2.60814 	1    	16   	6063.21	3054.74	382.832	9944.73