gen	nevals	avg      	std      	min       	max     	p-avg  	p-std  	p-min   	p-max  	s-avg   	s-std   	s-min    	s-max  	t-avg  	t-std  	t-min   	t-max  
0  	100   	0.0465942	0.0685083	-0.0779641	0.38539 	50.518 	60.927 	-3.66489	376.797	0.814946	0.831676	-0.15888 	7.27262	1207.33	2441.55	-525.801	14546.1
1  	25    	0.0560133	0.0640283	0.0101024 	0.38539 	54.8938	60.2631	9.12159 	376.797	0.851315	0.831357	-0.15888 	7.27262	739.371	1201.39	-525.801	7877.04
2  	25    	0.0615097	0.0630291	0.0172845 	0.38539 	59.6414	59.3711	11.7106 	376.797	0.936111	0.81204 	-0.179082	7.27262	749.28 	1204.63	-525.801	7877.04
3  	25    	0.0682368	0.0636082	0.02376   	0.38539 	66.4803	59.8082	14.5047 	376.797	0.982309	0.809444	-0.244358	7.27262	806.656	1193.91	-413.888	7877.04
4  	25    	0.073727 	0.0636759	0.0271811 	0.38539 	71.4077	59.8666	17.8702 	376.797	0.972113	0.821845	-0.244358	7.27262	740.184	1154.52	-1023.53	7877.04
5  	25    	0.0861372	0.0787515	0.0308185 	0.439533	83.2555	76.1849	15.9461 	438.423	1.00902 	0.811367	-0.244358	7.27262	720.852	1142.47	-1023.53	7877.04
6  	25    	0.0912123	0.0781262	0.0351009 	0.439533	89.4807	75.5958	21.6022 	438.423	1.01043 	0.821008	-0.244358	7.27262	837.27 	1286.25	-1023.53	7877.04
7  	25    	0.102939 	0.0945738	0.0387492 	0.638787	100.766	91.8063	21.6022 	622.554	1.04664 	0.846898	-0.244358	7.27262	829.327	1300.82	-1023.53	7877.04
8  	25    	0.109402 	0.0947278	0.0407549 	0.638787	106.616	91.816 	21.6022 	622.554	1.09822 	0.845389	-0.244358	7.27262	819.56 	1295.32	-1023.53	7877.04
9  	25    	0.128286 	0.111088 	0.0482717 	0.638787	123.525	104.784	41.7547 	622.554	1.28906 	1.34775 	-0.244358	11.0019	812.92 	1259.86	-413.888	7877.04
10 	25    	0.13348  	0.112354 	0.0505682 	0.638787	128.427	106.405	46.0981 	622.554	1.32404 	1.34061 	-0.144254	11.0019	818.816	1264.85	-413.888	7877.04
11 	25    	0.141753 	0.120451 	0.0562409 	0.638787	135.452	113.064	46.0981 	622.554	1.44488 	1.43516 	0.0848479	11.0019	814.823	1254.22	-413.888	7877.04
12 	25    	0.149809 	0.118993 	0.0621926 	0.638787	144.019	111.317	49.5463 	622.554	1.48269 	1.43409 	0.0848479	11.0019	903.645	1357.59	-413.888	7877.04
13 	25    	0.162936 	0.128002 	0.0667111 	0.638787	156.826	120.647	56.423  	622.554	1.53677 	1.42533 	0.0848479	11.0019	925.817	1356.93	-413.888	7877.04
14 	25    	0.167931 	0.125919 	0.0749114 	0.638787	161.099	118.684	66.2097 	622.554	1.60439 	1.42066 	0.0848479	11.0019	921.193	1354.91	-413.888	7877.04
15 	25    	0.178894 	0.134742 	0.0787663 	0.700278	171.597	125.855	72.7035 	642.336	1.7099  	1.52876 	0.0848479	11.0019	980.149	1348.18	-413.888	7877.04
16 	25    	0.189434 	0.135542 	0.0874926 	0.700278	180.672	126.984	78.511  	642.336	1.75035 	1.53663 	0.0848479	11.0019	874.103	1129.91	-413.888	7877.04
17 	25    	0.198196 	0.142975 	0.0938677 	0.700278	188.741	134.719	86.3425 	678.002	1.79103 	1.53272 	0.0848479	11.0019	845.483	1009.68	-413.888	7877.04
18 	25    	0.20669  	0.142011 	0.100084  	0.700278	195.925	134.406	86.3425 	678.002	1.84418 	1.51418 	0.147437 	11.0019	767.624	724.231	-372.187	3646.03
19 	25    	0.21737  	0.140068 	0.105723  	0.700278	205.115	131.932	86.8176 	678.002	1.97524 	1.77524 	0.147437 	11.3131	749.786	695.86 	-372.187	3646.03
20 	25    	0.221729 	0.138737 	0.1074    	0.700278	209.221	130.688	86.8176 	678.002	2.03337 	1.76449 	0.147437 	11.3131	782.55 	678.074	-372.187	3646.03
21 	25    	0.232374 	0.135932 	0.111857  	0.700278	219.467	127.264	95.7152 	678.002	2.12947 	1.97957 	0.147437 	11.3131	838.67 	742.47 	-372.187	3646.03
22 	25    	0.238013 	0.133278 	0.116119  	0.700278	225.432	124.402	95.7152 	678.002	2.08701 	2.00314 	0.147437 	11.3131	828.889	755.266	-496.039	3646.03
23 	25    	0.255269 	0.145596 	0.122835  	0.700278	241.384	136.463	109.242 	678.002	2.17288 	2.03751 	0.147437 	11.3131	784.414	714.861	-496.039	3646.03
24 	25    	0.257486 	0.14412  	0.128945  	0.700278	243.653	134.864	111.195 	678.002	2.1897  	2.03446 	0.147437 	11.3131	806.346	701.701	-496.039	3646.03
25 	25    	0.264926 	0.141156 	0.133498  	0.700278	250.979	132.307	111.195 	678.002	2.20685 	2.02675 	0.147437 	11.3131	812.16 	707.995	-496.039	3646.03
26 	25    	0.269582 	0.138353 	0.142813  	0.700278	255.38 	129.579	129.145 	678.002	2.22502 	2.02194 	0.147437 	11.3131	804.781	768.524	-496.039	3913.43
27 	25    	0.275778 	0.135231 	0.148934  	0.700278	261.194	126.871	129.145 	678.002	2.26945 	2.0056  	0.147437 	11.3131	810.976	752.815	-496.039	3913.43
28 	25    	0.284107 	0.131933 	0.156698  	0.700278	268.574	123.252	141.032 	678.002	2.38527 	2.17173 	0.190983 	11.3131	831.992	760.554	-496.039	3913.43
29 	25    	0.289095 	0.130823 	0.158528  	0.700278	273.111	122.693	141.032 	678.002	2.39985 	2.17322 	0.190983 	11.3131	801.496	743.797	-496.039	3913.43
30 	25    	0.296243 	0.127853 	0.168256  	0.700278	280.413	119.71 	150.944 	678.002	2.38806 	2.18395 	0.190983 	11.3131	805.039	743.996	-496.039	3913.43
31 	25    	0.298776 	0.126213 	0.177673  	0.700278	282.618	118.288	150.944 	678.002	2.41453 	2.18333 	0.190983 	11.3131	798.784	741.29 	-496.039	3913.43
32 	25    	0.302503 	0.126056 	0.183586  	0.700278	285.985	117.558	165.717 	678.002	2.44969 	2.22524 	0.190983 	11.3131	797.89 	741.4  	-496.039	3913.43
33 	25    	0.313399 	0.124373 	0.197373  	0.700278	296.972	115.951	184.671 	678.002	2.41912 	2.24043 	0.190983 	11.3131	776.389	668.384	-496.039	3646.03
34 	25    	0.314424 	0.12361  	0.203495  	0.700278	298.034	115.172	193.262 	678.002	2.41452 	2.24351 	0.190983 	11.3131	775.456	666.523	-496.039	3646.03
35 	25    	0.318569 	0.121515 	0.208052  	0.700278	301.771	113.451	193.262 	678.002	2.49466 	2.39496 	0.190983 	11.3131	814.789	818.161	-496.039	5469.76
36 	25    	0.327334 	0.120253 	0.218596  	0.700278	310.315	113.276	204.042 	678.002	2.55413 	2.53621 	0.190983 	11.3131	852.298	878.507	-496.039	5469.76
37 	25    	0.329186 	0.119091 	0.22593   	0.700278	311.777	112.36 	208.784 	678.002	2.6292  	2.66316 	0.190983 	11.3131	888.303	914.679	-496.039	5469.76
38 	25    	0.333774 	0.117075 	0.23268   	0.700278	317.923	112.187	216.332 	678.002	2.60188 	2.66528 	0.190983 	11.3131	1016.78	1530.11	-496.039	13233.9
39 	25    	0.339635 	0.117107 	0.236043  	0.700278	323.159	112.372	217.836 	678.002	2.65424 	2.66131 	0.190983 	11.3131	1006.65	1533.6 	-496.039	13233.9
40 	25    	0.344609 	0.116522 	0.242993  	0.700278	328.29 	111.749	217.836 	678.002	2.71113 	2.66829 	0.190983 	11.3131	1079.15	1569.14	-496.039	13233.9
41 	25    	0.355809 	0.116798 	0.247639  	0.700278	338.796	112.581	217.836 	678.002	2.75358 	2.68602 	0.190983 	11.3131	1052.24	1566.56	-496.039	13233.9
42 	25    	0.361916 	0.120237 	0.249825  	0.70193 	344.731	116.502	217.836 	684.139	2.77017 	2.69132 	0.175752 	11.3131	1051.62	1554.19	-496.039	13233.9
43 	25    	0.367027 	0.119435 	0.25532   	0.70193 	348.622	116.188	217.836 	684.139	2.91099 	2.8271  	0.175752 	11.3131	1070.54	1570.8 	-496.039	13233.9
44 	25    	0.370654 	0.119571 	0.259316  	0.70193 	351.564	116.792	217.836 	684.139	3.05194 	2.92211 	0.175752 	11.3131	1142.99	1583.27	-496.039	13233.9
45 	25    	0.37309  	0.118456 	0.262538  	0.70193 	353.459	115.823	217.836 	684.139	3.12664 	3.04834 	0.175752 	11.5447	1163.49	1587.17	-496.039	13233.9
46 	25    	0.37328  	0.118294 	0.263087  	0.70193 	353.331	115.923	217.836 	684.139	3.15161 	3.03426 	0.352202 	11.5447	1156.64	1589.9 	-496.039	13233.9
47 	25    	0.3856   	0.120526 	0.266087  	0.70193 	364.941	119.014	201.586 	684.139	3.27615 	3.03864 	0.352202 	11.5447	1210.25	1603.1 	-496.039	13233.9
48 	25    	0.392786 	0.118186 	0.270016  	0.70193 	372.367	116.658	217.836 	684.139	3.31525 	3.13137 	0.352202 	11.5447	1273.41	1627.91	-496.039	13233.9
49 	25    	0.396872 	0.117454 	0.273182  	0.70193 	376.712	116.403	217.836 	684.139	3.31788 	3.1298  	0.352202 	11.5447	1301.88	1638.28	-496.039	13233.9
50 	25    	0.4039   	0.116588 	0.278292  	0.70193 	383.299	116.204	217.836 	684.139	3.40258 	3.11776 	0.205718 	11.5447	1342.49	1637.01	-496.039	13233.9
51 	25    	0.415779 	0.114491 	0.282093  	0.70193 	393.182	114.77 	217.836 	684.139	3.61125 	3.20862 	0.456093 	11.5447	1351.57	1629.64	-496.039	13233.9
52 	25    	0.418425 	0.112484 	0.286084  	0.70193 	395.343	113.183	217.836 	684.139	3.67913 	3.30756 	0.456093 	11.5447	1370.86	1641.77	-496.039	13233.9
53 	25    	0.423331 	0.111062 	0.288158  	0.70193 	401.171	111.015	217.836 	684.139	3.57199 	3.2552  	0.456093 	11.5447	1356.05	1622.33	-496.039	13233.9
54 	25    	0.424242 	0.110275 	0.289253  	0.70193 	402.887	109.293	271.601 	684.139	3.46603 	3.19283 	0.456093 	11.5447	1330.45	1610.49	-496.039	13233.9
55 	25    	0.427007 	0.109582 	0.294643  	0.70193 	405.756	108.187	271.601 	684.139	3.47307 	3.20657 	0.447423 	11.5447	1347.99	1614.76	-496.039	13233.9
56 	25    	0.437401 	0.106044 	0.307573  	0.70193 	412.427	108.415	239.149 	684.139	3.93525 	3.42258 	0.456093 	11.8347	1437.89	1650.53	-496.039	13233.9
57 	25    	0.445581 	0.101958 	0.317088  	0.70193 	420.549	106.256	239.149 	684.139	3.97425 	3.39584 	0.45808  	11.8347	1471   	1655.14	-216.305	13233.9
58 	25    	0.451848 	0.103593 	0.327484  	0.70193 	425.803	106.21 	239.149 	684.139	4.0646  	3.43452 	0.45808  	11.8347	1460.09	1645.49	-158.956	13233.9
59 	25    	0.455691 	0.10197  	0.334582  	0.70193 	428.098	107.116	239.149 	684.139	4.2745  	3.5199  	0.45808  	11.8347	1515.17	1670.59	-158.956	13233.9
60 	25    	0.456757 	0.101007 	0.334584  	0.70193 	428.292	107.014	239.149 	684.139	4.38925 	3.56081 	0.45808  	11.8347	1542.72	1667.6 	-158.956	13233.9
61 	25    	0.464488 	0.101085 	0.340093  	0.711248	436.039	107.116	277.472 	690.287	4.37965 	3.49898 	0.45808  	11.5447	1534.73	1665.66	-158.956	13233.9
62 	25    	0.468299 	0.0996919	0.342087  	0.711248	438.853	107.385	277.472 	690.287	4.51156 	3.50936 	0.813071 	11.5447	1566.97	1671.2 	-158.956	13233.9
63 	25    	0.476054 	0.0960652	0.353822  	0.711248	448.118	102.885	279.99  	690.287	4.3839  	3.48082 	0.813071 	11.5447	1590.37	1667.02	8.69581 	13233.9
64 	25    	0.47748  	0.0945076	0.354319  	0.711248	450.196	100.207	280.464 	690.287	4.23351 	3.40044 	0.813071 	11.5447	1505.03	1632.74	8.69581 	13233.9
65 	25    	0.477862 	0.0940704	0.358501  	0.711248	451.399	98.8281	284.459 	690.287	4.14525 	3.34344 	0.813071 	11.5447	1498.94	1626.74	8.69581 	13233.9
66 	25    	0.478542 	0.0933015	0.358747  	0.711248	453.478	96.1345	297.595 	690.287	3.96361 	3.22394 	0.813071 	11.5447	1457.2 	1603.4 	8.69581 	13233.9
67 	25    	0.482531 	0.0906917	0.364799  	0.711248	457.087	94.512 	297.595 	690.287	3.98589 	3.20869 	0.813071 	11.5447	1441.48	1603.42	8.69581 	13233.9
68 	25    	0.489441 	0.0890656	0.369179  	0.711248	463.107	93.549 	297.595 	690.287	4.0665  	3.21601 	0.813071 	11.5447	1433.18	1610.38	8.69581 	13233.9
69 	25    	0.495463 	0.0876386	0.382524  	0.711248	468.755	93.797 	297.595 	690.287	4.09903 	3.2131  	-0.61135 	11.5447	1428.23	1611.64	8.69581 	13233.9
70 	25    	0.50446  	0.083298 	0.391551  	0.711248	476.829	90.1906	297.595 	690.287	4.11386 	3.16239 	-0.61135 	11.5447	1350.73	1580.22	8.69581 	13233.9
71 	25    	0.506951 	0.0836083	0.39163   	0.711248	479.032	91.1288	297.595 	690.287	4.11683 	3.16096 	-0.61135 	11.5447	1324.95	1558.83	8.69581 	13233.9
72 	25    	0.508654 	0.0821405	0.397255  	0.711248	480.904	88.4784	301.845 	690.287	4.0822  	3.05261 	-0.61135 	11.5168	1307.12	1555.78	8.69581 	13233.9
73 	25    	0.512512 	0.0833126	0.400379  	0.717441	485.518	88.9639	305.149 	703.671	4.00298 	2.95712 	-0.61135 	11.4926	1303.54	1554.56	8.69581 	13233.9
74 	25    	0.515715 	0.0813663	0.406526  	0.717441	487.746	86.8706	317.085 	703.671	4.02772 	2.86108 	-0.61135 	11.3131	1230.86	1499.49	8.69581 	13233.9
75 	25    	0.517029 	0.0802109	0.407538  	0.717441	490.667	83.0717	326.031 	703.671	3.82033 	2.60177 	-0.61135 	11.3131	1184.1 	1491.41	8.69581 	13233.9
76 	25    	0.522386 	0.0776152	0.419862  	0.717441	496.368	80.6516	326.031 	703.671	3.75203 	2.6568  	-0.61135 	11.3131	1150.22	981.612	8.69581 	5379.87
77 	25    	0.523284 	0.0766482	0.420887  	0.717441	499.359	76.0815	348.082 	703.671	3.51798 	2.32765 	-0.61135 	11.0019	1125.47	972.781	8.69581 	5379.87
78 	25    	0.527008 	0.074886 	0.427349  	0.717441	502.499	75.7196	348.082 	703.671	3.54579 	2.31305 	-0.61135 	11.0019	1094.97	891.484	8.69581 	4386.58
79 	25    	0.531949 	0.0738757	0.433443  	0.717441	506.367	73.4357	348.082 	703.671	3.64971 	2.36939 	-0.61135 	11.0019	1091.49	881.766	8.69581 	4386.58
80 	25    	0.535925 	0.072562 	0.43962   	0.717441	511.292	71.9812	385.686 	703.671	3.56849 	2.25223 	-0.61135 	9.38383	1105.16	919.273	8.69581 	4386.58
81 	25    	0.538267 	0.0711129	0.442799  	0.717441	514.531	69.1137	387.818 	703.671	3.51655 	2.2408  	-0.61135 	9.38383	1143.01	920.29 	8.69581 	4386.58
82 	25    	0.541044 	0.069359 	0.448333  	0.717441	517.808	67.8152	387.818 	703.671	3.49706 	2.24501 	-0.61135 	9.38383	1173.41	955.89 	8.69581 	4386.58
83 	25    	0.542644 	0.0690468	0.450932  	0.717441	519.214	66.7173	387.818 	703.671	3.52407 	2.28755 	-0.61135 	9.38383	1181.06	953.238	8.69581 	4386.58
84 	25    	0.546355 	0.0685096	0.458712  	0.717441	522.517	65.6346	387.818 	703.671	3.57397 	2.32992 	-0.61135 	9.38383	1190.11	946.918	8.69581 	4386.58
85 	25    	0.547001 	0.0679828	0.458741  	0.717441	522.664	65.5542	387.818 	703.671	3.61691 	2.29165 	0.864967 	9.38383	1183.19	947.484	8.69581 	4386.58
86 	25    	0.547207 	0.0677456	0.460885  	0.717441	523.325	64.6665	387.818 	703.671	3.57586 	2.27805 	0.864967 	9.38383	1187.66	946.653	8.69581 	4386.58
87 	25    	0.552559 	0.0664031	0.466326  	0.717441	528.622	63.004 	387.818 	703.671	3.59645 	2.29157 	0.864967 	9.38383	1202.69	951.174	8.69581 	4386.58
88 	25    	0.5542   	0.0661337	0.469352  	0.717441	529.355	63.5955	387.818 	703.671	3.61614 	2.28406 	0.864967 	9.38383	1131.63	840.625	8.69581 	3848.22
89 	25    	0.555226 	0.0654021	0.472351  	0.717441	529.952	63.1381	387.818 	703.671	3.65577 	2.28347 	0.864967 	9.38383	1128.34	838.17 	8.69581 	3848.22
90 	25    	0.556398 	0.064432 	0.472424  	0.717441	531.072	62.3021	387.818 	703.671	3.6757  	2.27208 	0.864967 	9.38383	1143.15	831.814	8.69581 	3848.22
91 	25    	0.558247 	0.0627422	0.477101  	0.717441	533.675	59.3755	423.192 	703.671	3.60761 	2.21281 	0.864967 	9.38383	1150.42	821.149	8.69581 	3848.22
92 	25    	0.56046  	0.0611704	0.482912  	0.717441	535.518	58.7225	423.192 	703.671	3.61731 	2.21903 	0.864967 	9.38383	1123.14	781.315	8.69581 	3848.22
93 	25    	0.565434 	0.0599425	0.487679  	0.717441	540.389	57.9338	423.192 	703.671	3.68748 	2.22382 	0.97518  	9.38383	1182.99	808.315	8.69581 	3848.22
94 	25    	0.567625 	0.0603157	0.492104  	0.717441	541.667	58.2674	423.192 	703.671	3.77867 	2.28985 	0.97518  	9.38383	1182.93	807.915	8.69581 	3848.22
95 	25    	0.569813 	0.0592226	0.494851  	0.717441	541.415	59.3822	409.675 	703.671	3.95242 	2.38811 	0.97518  	9.38383	1112.59	720.976	8.69581 	3039.46
96 	25    	0.569813 	0.0592226	0.494851  	0.717441	541.415	59.3822	409.675 	703.671	3.95242 	2.38811 	0.97518  	9.38383	1112.59	720.976	8.69581 	3039.46
97 	25    	0.571306 	0.0591958	0.496033  	0.717441	543.612	58.5251	423.192 	703.671	3.881   	2.33641 	0.97518  	9.38383	1111.55	721.669	8.69581 	3039.46
98 	25    	0.573609 	0.0581774	0.497801  	0.717441	545.409	57.2221	423.192 	703.671	3.93515 	2.36827 	0.97518  	9.38383	1115.17	725.663	8.69581 	3039.46
99 	25    	0.574521 	0.0573329	0.497995  	0.717441	546.09 	56.8636	423.192 	703.671	3.92386 	2.38048 	0.97518  	9.38383	1080.74	714.709	8.69581 	3039.46
100	25    	0.574871 	0.0569705	0.503503  	0.717441	546.565	56.5327	423.192 	703.671	3.91814 	2.38513 	0.97518  	9.38383	1087.54	715.057	8.69581 	3039.46
101	25    	0.576488 	0.0563014	0.504627  	0.717441	547.528	55.7916	423.192 	703.671	3.97873 	2.42992 	0.97518  	9.38383	1082.73	717.482	8.69581 	3039.46
102	25    	0.578631 	0.0553652	0.505396  	0.717441	549.025	55.2942	423.192 	703.671	4.0404  	2.45052 	0.97518  	9.38383	1079.79	710.721	24.541  	3039.46
103	25    	0.582823 	0.0553825	0.510216  	0.717441	552.517	53.7691	445.615 	703.671	4.10657 	2.44118 	0.97518  	9.38383	1075.92	701.224	24.541  	3039.46
104	25    	0.584339 	0.0546085	0.513118  	0.717441	553.5  	53.2733	445.615 	703.671	4.15824 	2.43658 	0.97518  	9.38383	1074.42	701.693	24.541  	3039.46
105	25    	0.585207 	0.0539868	0.513258  	0.717441	553.504	54.214 	438.721 	703.671	4.2351  	2.48481 	0.97518  	9.57842	1064.77	701.114	24.541  	3039.46
106	25    	0.585207 	0.0539868	0.513258  	0.717441	553.504	54.214 	438.721 	703.671	4.2351  	2.48481 	0.97518  	9.57842	1064.77	701.114	24.541  	3039.46
107	25    	0.585207 	0.0539868	0.513258  	0.717441	553.504	54.214 	438.721 	703.671	4.2351  	2.48481 	0.97518  	9.57842	1064.77	701.114	24.541  	3039.46
108	25    	0.587227 	0.0536326	0.514335  	0.717441	554.355	54.39  	426.043 	703.671	4.36013 	2.54156 	0.97518  	9.71586	1072.91	689.933	24.541  	3039.46
109	25    	0.58787  	0.0531379	0.515006  	0.717441	555.024	54.1912	426.043 	703.671	4.34498 	2.54933 	0.97518  	9.71586	1060.3 	667.91 	24.541  	3039.46
110	25    	0.5885   	0.0524618	0.521405  	0.717441	556.297	52.337 	438.721 	703.671	4.28147 	2.5388  	0.97518  	9.57842	1061.18	668.437	24.541  	3039.46
111	25    	0.589208 	0.0518307	0.523289  	0.717441	556.626	52.4034	438.721 	703.671	4.32569 	2.567   	0.97518  	9.57842	1067.54	665.516	24.541  	3039.46
112	25    	0.589208 	0.0518307	0.523289  	0.717441	556.626	52.4034	438.721 	703.671	4.32569 	2.567   	0.97518  	9.57842	1067.54	665.516	24.541  	3039.46
113	25    	0.589208 	0.0518307	0.523289  	0.717441	556.626	52.4034	438.721 	703.671	4.32569 	2.567   	0.97518  	9.57842	1067.54	665.516	24.541  	3039.46
114	25    	0.590717 	0.0509991	0.524289  	0.717441	557.773	51.6885	438.721 	703.671	4.36739 	2.60054 	0.97518  	9.57842	1073.04	664.664	24.541  	3039.46
115	25    	0.591174 	0.0506049	0.525531  	0.717441	558.37 	51.4879	438.721 	703.671	4.35479 	2.61188 	0.97518  	9.57842	1074.41	665.284	24.541  	3039.46
116	25    	0.591546 	0.0502563	0.526908  	0.717441	559.082	50.3075	465.113 	703.671	4.31913 	2.56423 	0.97518  	9.38383	1072.68	665.967	24.541  	3039.46
117	25    	0.591546 	0.0502563	0.526908  	0.717441	559.082	50.3075	465.113 	703.671	4.31913 	2.56423 	0.97518  	9.38383	1072.68	665.967	24.541  	3039.46
118	25    	0.5922   	0.0496667	0.528949  	0.717441	560.738	49.1645	467.984 	703.671	4.26079 	2.5674  	0.97518  	9.38383	1114.67	708.98 	24.541  	3039.46
119	25    	0.594093 	0.0508161	0.529981  	0.71833 	562.306	49.7368	467.984 	703.671	4.29884 	2.57737 	0.97518  	9.38383	1120.14	704.564	24.541  	3039.46
120	25    	0.596396 	0.050812 	0.532814  	0.71833 	565.418	49.8726	467.984 	703.671	4.24582 	2.57616 	0.97518  	9.38383	1147.96	728.244	24.541  	3150.63
121	25    	0.59675  	0.0504901	0.532972  	0.71833 	566.169	49.1945	467.984 	703.671	4.20531 	2.59077 	0.97518  	9.38383	1147.17	729.114	24.541  	3150.63
122	25    	0.599155 	0.0501087	0.53652   	0.71833 	567.208	49.0054	467.984 	703.671	4.34337 	2.63929 	0.97518  	9.38383	1148.69	728.633	24.541  	3150.63
123	25    	0.601384 	0.0493939	0.537592  	0.71833 	569.587	48.7679	467.984 	703.671	4.33806 	2.63885 	1.0723   	9.38383	1158.38	732.097	24.541  	3150.63
124	25    	0.603376 	0.0507794	0.538592  	0.736828	571.726	50.8851	467.984 	726.915	4.33515 	2.63999 	1.0723   	9.38383	1170.1 	738.713	24.541  	3150.63
125	25    	0.604473 	0.0505522	0.540394  	0.736828	572.531	51.1832	467.984 	726.915	4.34181 	2.63403 	1.0723   	9.38383	1147.59	720.902	24.541  	3150.63
126	25    	0.608242 	0.0496233	0.54343   	0.736828	576.856	51.0253	471.772 	726.915	4.31416 	2.60197 	1.0723   	9.38383	1175.63	740.271	141.878 	3150.63
127	25    	0.610026 	0.0490065	0.54343   	0.736828	577.362	50.8677	471.772 	726.915	4.4598  	2.62024 	1.0723   	9.38383	1193.31	726.126	141.878 	3150.63
128	25    	0.610469 	0.0485498	0.544258  	0.736828	577.984	50.5423	471.772 	726.915	4.47973 	2.59822 	1.26875  	9.38383	1231.27	722.031	180.063 	3150.63
129	25    	0.612058 	0.0479819	0.548999  	0.736828	579.436	49.375 	471.772 	726.915	4.4744  	2.63518 	1.26875  	9.38383	1212.17	708.43 	180.063 	3150.63
130	25    	0.613882 	0.0479018	0.550101  	0.736828	581.801	48.745 	471.772 	726.915	4.43084 	2.63886 	1.26875  	9.38383	1222.69	699.768	180.063 	3150.63
131	25    	0.614015 	0.04774  	0.551447  	0.736828	581.898	48.3195	471.772 	726.915	4.41674 	2.6027  	1.26875  	9.38383	1205.07	692.084	180.063 	3150.63
132	25    	0.616227 	0.0475925	0.552393  	0.736828	584.856	47.7347	507.37  	726.915	4.35341 	2.5764  	1.26875  	9.38383	1216.3 	697.551	180.063 	3150.63
133	25    	0.618248 	0.0466204	0.553762  	0.736828	584.803	48.0809	504.832 	726.915	4.55114 	2.64287 	1.26875  	9.95328	1206.67	689.62 	180.063 	3150.63
134	25    	0.618658 	0.04623  	0.553999  	0.736828	585.358	47.8407	504.832 	726.915	4.5341  	2.66102 	0.86644  	9.95328	1204.08	691.431	180.063 	3150.63
135	25    	0.621123 	0.0450904	0.561134  	0.736828	588.335	47.0354	504.832 	726.915	4.49599 	2.66572 	0.86644  	9.95328	1217.25	720.885	180.063 	3150.63
136	25    	0.621123 	0.0450904	0.561134  	0.736828	588.335	47.0354	504.832 	726.915	4.49599 	2.66572 	0.86644  	9.95328	1217.25	720.885	180.063 	3150.63
137	25    	0.621123 	0.0450904	0.561134  	0.736828	588.335	47.0354	504.832 	726.915	4.49599 	2.66572 	0.86644  	9.95328	1217.25	720.885	180.063 	3150.63
138	25    	0.623571 	0.0440863	0.562369  	0.736828	590.097	46.1436	504.832 	726.915	4.579   	2.68305 	0.86644  	9.95328	1231.57	729.043	180.063 	3150.63
139	25    	0.625642 	0.0440961	0.564704  	0.736828	593.058	46.218 	504.832 	726.915	4.514   	2.69716 	0.86644  	9.95328	1255.59	771.012	180.063 	3753.89
140	25    	0.626143 	0.0436834	0.564851  	0.736828	593.473	46.0925	504.832 	726.915	4.52679 	2.68588 	0.86644  	9.95328	1259.7 	770.159	180.063 	3753.89
141	25    	0.626392 	0.0434037	0.565018  	0.736828	593.376	46.1855	504.832 	726.915	4.54924 	2.68364 	0.86644  	9.95328	1247.66	767.352	180.063 	3753.89
142	25    	0.627322 	0.0426124	0.570001  	0.736828	593.752	46.3807	504.832 	726.915	4.63699 	2.69532 	0.86644  	9.95328	1279.94	802.134	180.063 	3753.89
143	25    	0.629725 	0.0425296	0.571837  	0.736828	594.136	46.9862	504.832 	726.915	4.83797 	2.71638 	0.86644  	9.95328	1279.05	801.245	180.063 	3753.89
144	25    	0.6302   	0.0421221	0.573353  	0.736828	593.971	47.4881	502.219 	726.915	4.90319 	2.71513 	0.86644  	9.95328	1280.35	799.432	180.063 	3753.89
145	25    	0.631502 	0.0423569	0.57383   	0.736828	594.621	47.5201	502.219 	726.915	4.97376 	2.71251 	0.86644  	9.95328	1285.68	795.231	180.063 	3753.89
146	25    	0.632072 	0.0417281	0.574135  	0.736828	595.38 	47.2566	504.832 	726.915	4.967   	2.71153 	0.86644  	9.95328	1297.8 	817.769	180.063 	4072.07
147	25    	0.632072 	0.0417281	0.574135  	0.736828	595.38 	47.2566	504.832 	726.915	4.967   	2.71153 	0.86644  	9.95328	1297.8 	817.769	180.063 	4072.07
148	25    	0.6332   	0.0409178	0.575706  	0.736828	596.497	46.2639	511.104 	726.915	4.96221 	2.7019  	0.86644  	9.95328	1291.91	822.238	180.063 	4072.07
149	25    	0.633917 	0.0405305	0.576816  	0.736828	597.101	46.4855	511.104 	726.915	4.95514 	2.71048 	0.86644  	9.95328	1273.57	808.427	180.063 	4072.07
150	25    	0.633917 	0.0405305	0.576816  	0.736828	597.101	46.4855	511.104 	726.915	4.95514 	2.71048 	0.86644  	9.95328	1273.57	808.427	180.063 	4072.07
151	25    	0.63717  	0.0395888	0.579794  	0.736828	600.587	46.6087	511.104 	726.915	4.95714 	2.72813 	0.86644  	9.95328	1298.83	806.271	180.063 	4072.07
152	25    	0.63717  	0.0395888	0.579794  	0.736828	600.587	46.6087	511.104 	726.915	4.95714 	2.72813 	0.86644  	9.95328	1298.83	806.271	180.063 	4072.07
153	25    	0.638196 	0.0387472	0.582037  	0.736828	602.308	45.8488	511.104 	726.915	4.8779  	2.75291 	0.86644  	9.95328	1289.03	802.794	180.063 	4072.07
154	25    	0.640486 	0.0381989	0.584325  	0.736828	605.042	45.3143	532.36  	726.915	4.86788 	2.76957 	0.86644  	9.95328	1323.52	831.379	180.063 	4072.07
155	25    	0.64054  	0.0381234	0.58487   	0.736828	604.683	45.6526	532.36  	726.915	4.9041  	2.75245 	0.86644  	9.95328	1318.4 	832.819	180.063 	4072.07
156	25    	0.64054  	0.0381234	0.58487   	0.736828	604.683	45.6526	532.36  	726.915	4.9041  	2.75245 	0.86644  	9.95328	1318.4 	832.819	180.063 	4072.07
157	25    	0.64328  	0.0379969	0.589124  	0.736828	607.414	46.4658	532.36  	726.915	4.93099 	2.72791 	0.86644  	9.95328	1344.46	834.377	180.063 	4072.07
158	25    	0.643622 	0.0376604	0.58971   	0.736828	607.102	46.8427	532.36  	726.915	4.99564 	2.76028 	0.86644  	9.95328	1343.69	834.865	180.063 	4072.07
159	25    	0.643793 	0.0374535	0.58971   	0.736828	607.869	46.4307	532.36  	726.915	4.96531 	2.77239 	0.86644  	9.95328	1372.92	866.952	180.063 	4072.07
160	25    	0.644959 	0.0375676	0.592691  	0.736828	609.296	46.642 	532.36  	726.915	4.94115 	2.77908 	0.86644  	9.95328	1374.85	865.958	180.063 	4072.07
161	25    	0.645682 	0.037249 	0.594793  	0.736828	609.155	46.6829	532.36  	726.915	5.00861 	2.78732 	0.86644  	9.95328	1355.84	851.725	180.063 	4072.07
162	25    	0.647423 	0.0368224	0.596616  	0.736828	610.771	47.411 	532.36  	726.915	5.03067 	2.76365 	1.31858  	9.95328	1365.48	843.771	180.063 	4072.07
163	25    	0.647423 	0.0368224	0.596616  	0.736828	610.771	47.411 	532.36  	726.915	5.03067 	2.76365 	1.31858  	9.95328	1365.48	843.771	180.063 	4072.07
164	25    	0.651475 	0.036329 	0.601271  	0.736828	614.383	47.3328	532.36  	726.915	5.04138 	2.7467  	1.31858  	9.95328	1332.25	791.864	237.682 	3753.89
165	25    	0.651475 	0.036329 	0.601271  	0.736828	614.383	47.3328	532.36  	726.915	5.04138 	2.7467  	1.31858  	9.95328	1332.25	791.864	237.682 	3753.89
166	25    	0.652916 	0.0371575	0.602003  	0.745373	615.009	47.6685	532.36  	726.915	5.10761 	2.75113 	1.31858  	9.95328	1316.99	779.861	237.682 	3753.89
167	25    	0.653324 	0.0368186	0.605255  	0.745373	614.609	48.0074	532.36  	726.915	5.18882 	2.76741 	1.31858  	9.95328	1317.36	779.659	237.682 	3753.89
168	25    	0.654455 	0.0370606	0.605806  	0.745373	615.147	48.1886	532.36  	726.915	5.22953 	2.76169 	1.31858  	9.95328	1298.79	769.075	237.682 	3753.89
169	25    	0.654617 	0.0368823	0.606811  	0.745373	615.763	47.5153	534.729 	726.915	5.17611 	2.75512 	1.31858  	9.95328	1290.75	777.677	65.0654 	3753.89
170	25    	0.655368 	0.0366652	0.606811  	0.745373	616.385	47.9814	534.729 	726.915	5.16603 	2.76722 	1.31858  	9.95328	1267.77	737.464	65.0654 	3753.89
171	25    	0.655582 	0.0364428	0.606811  	0.745373	616.023	48.084 	534.729 	726.915	5.19526 	2.75282 	1.31858  	9.95328	1239.3 	694.648	65.0654 	3753.89
172	25    	0.658106 	0.0365218	0.608354  	0.745373	617.636	47.1543	534.729 	726.915	5.25651 	2.75929 	1.31858  	9.95328	1209.53	647.54 	65.0654 	3666.28
173	25    	0.659577 	0.0356659	0.611408  	0.745373	619.63 	46.3066	534.729 	726.915	5.19258 	2.75603 	1.31858  	9.95328	1197.87	607.635	65.0654 	3150.63
174	25    	0.660504 	0.0356063	0.611635  	0.745373	620.235	46.6133	534.729 	726.915	5.20894 	2.74224 	1.31858  	9.95328	1182.04	600.605	65.0654 	3150.63
175	25    	0.661574 	0.0354477	0.611672  	0.745373	621.227	46.8535	534.729 	726.915	5.19644 	2.74062 	1.31858  	9.95328	1161.75	582.688	65.0654 	3150.63
176	25    	0.663407 	0.0352187	0.614182  	0.745373	622.998	47.9207	534.729 	726.915	5.19663 	2.74292 	1.29901  	9.95328	1155.73	577.533	65.0654 	3150.63
177	25    	0.664113 	0.0349308	0.614872  	0.745373	623.344	47.7306	534.729 	726.915	5.23378 	2.76161 	1.29901  	9.95328	1156.9 	577.904	65.0654 	3150.63
178	25    	0.664143 	0.0348892	0.615172  	0.745373	622.85 	48.2225	534.729 	726.915	5.28719 	2.7654  	1.29901  	9.95328	1157.86	578.226	65.0654 	3150.63
179	25    	0.664143 	0.0348892	0.615172  	0.745373	622.85 	48.2225	534.729 	726.915	5.28719 	2.7654  	1.29901  	9.95328	1157.86	578.226	65.0654 	3150.63
180	25    	0.664605 	0.0345419	0.617247  	0.745373	623.699	47.7082	534.729 	726.915	5.24418 	2.77237 	1.29901  	9.95328	1153.63	583.613	65.0654 	3150.63
181	25    	0.664957 	0.0342354	0.617561  	0.745373	624.189	47.5735	534.729 	726.915	5.22626 	2.78534 	1.29901  	9.95328	1149.49	585.953	65.0654 	3150.63
182	25    	0.666409 	0.0334339	0.618974  	0.745373	625.266	47.0042	534.729 	726.915	5.24001 	2.76843 	1.29901  	9.95328	1125.7 	574.478	65.0654 	3150.63
183	25    	0.666587 	0.0332277	0.619418  	0.745373	625.521	46.7283	534.729 	726.915	5.22944 	2.76579 	1.29901  	9.95328	1122.87	576.984	65.0654 	3150.63
184	25    	0.667424 	0.0330826	0.620293  	0.745373	626.986	46.1511	535.327 	726.915	5.16599 	2.74581 	1.29901  	9.95328	1122.18	577.451	65.0654 	3150.63
185	25    	0.668288 	0.0325503	0.621836  	0.745373	628.955	44.9826	535.327 	726.915	5.04589 	2.75685 	1.29901  	9.95328	1112.66	581.17 	65.0654 	3150.63
186	25    	0.669909 	0.0315263	0.623315  	0.745373	629.454	45.9811	535.327 	726.915	5.14401 	2.80021 	1.29901  	9.95328	1098.53	507.519	204.004 	3150.63
187	25    	0.672227 	0.0309773	0.624306  	0.745373	632.587	44.9   	540.08  	726.915	5.07273 	2.76273 	1.29901  	9.95328	1108.68	506.02 	204.004 	3150.63
188	25    	0.67247  	0.0306943	0.624811  	0.745373	632.786	44.8061	540.08  	726.915	5.06966 	2.76443 	1.29901  	9.95328	1101.17	506.849	204.004 	3150.63
189	25    	0.67247  	0.0306943	0.624811  	0.745373	632.786	44.8061	540.08  	726.915	5.06966 	2.76443 	1.29901  	9.95328	1101.17	506.849	204.004 	3150.63
190	25    	0.673937 	0.0297541	0.626307  	0.745373	634.002	43.6394	540.08  	726.915	5.11285 	2.76204 	1.29901  	9.95328	1119.35	499.399	204.004 	3150.63
191	25    	0.673937 	0.0297541	0.626307  	0.745373	634.002	43.6394	540.08  	726.915	5.11285 	2.76204 	1.29901  	9.95328	1119.35	499.399	204.004 	3150.63
192	25    	0.673937 	0.0297541	0.626307  	0.745373	634.002	43.6394	540.08  	726.915	5.11285 	2.76204 	1.29901  	9.95328	1119.35	499.399	204.004 	3150.63
193	25    	0.675322 	0.0286617	0.629123  	0.745373	634.487	43.581 	540.08  	726.915	5.18479 	2.75149 	1.29901  	9.95328	1101.35	494.978	204.004 	3150.63
194	25    	0.675322 	0.0286617	0.629123  	0.745373	634.487	43.581 	540.08  	726.915	5.18479 	2.75149 	1.29901  	9.95328	1101.35	494.978	204.004 	3150.63
195	25    	0.676512 	0.0288401	0.632978  	0.745373	635.84 	42.6094	554.119 	726.915	5.18814 	2.76422 	1.29901  	10.5094	1120.98	517.714	204.004 	3150.63
196	25    	0.676624 	0.0286926	0.634266  	0.745373	635.792	42.614 	554.119 	726.915	5.18759 	2.76484 	1.29901  	10.5094	1104.38	508.206	204.004 	3150.63
