gen	nevals	avg     	std       	min         	max    	p-avg	p-std    	p-min	p-max	s-avg   	s-std   	s-min     	s-max  	t-avg  	t-std  	t-min   	t-max  
0  	100   	0.102204	0.305716  	-0.0829675  	1.08062	0.1  	0.3      	0    	1    	0.953697	1.07381 	-0.142879 	8.68842	733.247	1129.66	-1723.83	8544.99
1  	25    	0.145501	0.350478  	-0.00507548 	1.08062	0.14 	0.346987 	0    	1    	1.03594 	1.03901 	-0.117635 	8.68842	485.817	532.225	-1723.83	2118.35
2  	25    	0.166753	0.369177  	-4.34513e-05	1.08062	0.16 	0.366606 	0    	1    	1.13777 	0.991539	-0.0275303	8.68842	462.506	586.408	-1723.83	2267.64
3  	25    	0.177532	0.377582  	0.00143014  	1.08062	0.17 	0.375633 	0    	1    	1.19003 	0.971997	0.0226325 	8.68842	436.835	595.707	-1723.83	2267.64
4  	25    	0.228011	0.415394  	0.0025748   	1.08062	0.22 	0.414246 	0    	1    	1.22376 	0.971534	0.0226325 	8.68842	422.632	606.08 	-1723.83	2267.64
5  	25    	0.25853 	0.43337   	0.00371821  	1.08062	0.25 	0.433013 	0    	1    	1.27802 	0.965473	0.041605  	8.68842	424.996	669.68 	-1723.83	2288.1 
6  	25    	0.278501	0.443555  	0.00427519  	1.08062	0.27 	0.443959 	0    	1    	1.28881 	0.970349	0.041605  	8.68842	438.701	735.372	-1723.83	3017.66
7  	25    	0.338852	0.469315  	0.00549882  	1.08062	0.33 	0.470213 	0    	1    	1.33178 	0.967768	0.041605  	8.68842	446.537	760.55 	-1723.83	3017.66
8  	25    	0.388518	0.483455  	0.00620493  	1.08062	0.38 	0.485386 	0    	1    	1.40254 	0.994828	0.041605  	8.68842	550.749	907.075	-1723.83	3567.13
9  	25    	0.40868 	0.487404  	0.00696537  	1.08062	0.4  	0.489898 	0    	1    	1.41836 	1.00336 	0.041605  	8.68842	550.395	982.624	-1723.83	3711.27
10 	25    	0.428546	0.490514  	0.00768927  	1.08062	0.42 	0.493559 	0    	1    	1.43593 	1.01497 	0.041605  	8.68842	581.325	1062.68	-1723.83	4449.35
11 	25    	0.458588	0.494026  	0.00846264  	1.08062	0.45 	0.497494 	0    	1    	1.47428 	1.01917 	0.041605  	8.68842	615.504	1095.01	-1723.83	4449.35
12 	25    	0.509263	0.49682   	0.00963605  	1.08062	0.5  	0.5      	0    	1    	1.57825 	1.10351 	0.041605  	8.68842	651.919	1115.24	-1723.83	4449.35
13 	25    	0.569796	0.493558  	0.0103268   	1.08434	0.56 	0.496387 	0    	1    	1.69309 	1.3284  	0.041605  	8.92441	713.443	1149.67	-1723.83	4449.35
14 	25    	0.638957	0.47931   	0.0109346   	1.08434	0.63 	0.482804 	0    	1    	1.68738 	1.33081 	0.041605  	8.92441	791.703	1169.74	-1723.83	4449.35
15 	25    	0.787532	0.410032  	0.012422    	1.08434	0.78 	0.414246 	0    	1    	1.75722 	1.44405 	0.041605  	8.92441	1004.06	1467.16	-1723.83	8483.13
16 	25    	0.857062	0.353075  	0.0136063   	1.08434	0.85 	0.357071 	0    	1    	1.76533 	1.46664 	0.041605  	8.92441	1059.1 	1440.29	-1723.83	8483.13
17 	25    	0.95669 	0.215125  	0.0189968   	1.08434	0.95 	0.217945 	0    	1    	1.85039 	1.58289 	0.041605  	8.92441	1181.37	1379.15	-1723.83	8483.13
18 	25    	0.996541	0.0993953 	0.0268826   	1.08434	0.99 	0.0994987	0    	1    	1.91227 	1.67066 	0.041605  	8.92441	1258.16	1305.14	-1723.83	8483.13
19 	25    	1.00928 	0.0176187 	0.988812    	1.08434	1    	0        	1    	1    	1.93382 	1.69669 	0.041605  	8.92441	1005.9 	833.312	-1723.83	3872.08
20 	25    	1.00976 	0.0172436 	0.991792    	1.08434	1    	0        	1    	1    	1.91637 	1.70609 	-0.0340301	8.92441	939.973	789.298	-1723.83	3872.08
21 	25    	1.01087 	0.0178416 	0.993133    	1.08434	1    	0        	1    	1    	1.98463 	1.77919 	-0.0340301	8.92441	897.623	735.262	-1723.83	3567.13
22 	25    	1.01286 	0.0179973 	0.99661     	1.08434	1    	0        	1    	1    	2.13527 	1.82592 	0.041605  	8.92441	849.398	692.806	-1723.83	3567.13
23 	25    	1.01345 	0.0176955 	0.997673    	1.08434	1    	0        	1    	1    	2.1605  	1.81586 	0.041605  	8.92441	815.293	682.462	-1723.83	3567.13
24 	25    	1.01446 	0.0173592 	0.99826     	1.08434	1    	0        	1    	1    	2.20843 	1.80095 	0.041605  	8.92441	762.486	666.495	-1723.83	3567.13
25 	25    	1.01656 	0.0171005 	1.00204     	1.08434	1    	0        	1    	1    	2.36214 	1.80169 	0.768248  	8.92441	706.058	640.392	-1723.83	3567.13
26 	25    	1.01775 	0.016715  	1.00394     	1.08434	1    	0        	1    	1    	2.41308 	1.77896 	0.865614  	8.92441	638.272	588.746	-1723.83	2938.98
27 	25    	1.01916 	0.0167921 	1.00566     	1.08434	1    	0        	1    	1    	2.53105 	1.81182 	0.947203  	8.92441	614.63 	612.1  	-1723.83	2938.98
28 	25    	1.02102 	0.0168937 	1.00674     	1.08434	1    	0        	1    	1    	2.72958 	1.84112 	0.947203  	8.92441	627.638	625.847	-1723.83	2938.98
29 	25    	1.02151 	0.0166225 	1.00758     	1.08434	1    	0        	1    	1    	2.74874 	1.8267  	0.947203  	8.92441	597.67 	591.512	-1723.83	2938.98
30 	25    	1.02208 	0.0163592 	1.0082      	1.08434	1    	0        	1    	1    	2.80377 	1.80214 	0.947203  	8.92441	595.366	594.278	-1723.83	2938.98
31 	25    	1.02266 	0.0163007 	1.00882     	1.08434	1    	0        	1    	1    	2.85446 	1.80063 	0.947203  	8.92441	588.426	600.214	-1723.83	2938.98
32 	25    	1.02529 	0.0174193 	1.01059     	1.08434	1    	0        	1    	1    	3.12845 	1.92837 	0.791878  	8.92441	599.076	637.093	-1723.83	2938.98
33 	25    	1.02657 	0.0178355 	1.01097     	1.08434	1    	0        	1    	1    	3.26378 	1.98854 	0.791878  	8.92441	606.632	643.167	-1723.83	2938.98
34 	25    	1.02721 	0.0176573 	1.01164     	1.08434	1    	0        	1    	1    	3.29508 	1.97246 	0.791878  	8.92441	574.315	602.967	-1723.83	2728.61
35 	25    	1.02795 	0.0175451 	1.01222     	1.08434	1    	0        	1    	1    	3.3358  	1.97285 	0.791878  	8.92441	540.555	549.413	-1723.83	2153.81
36 	25    	1.02907 	0.0179022 	1.01277     	1.08434	1    	0        	1    	1    	3.48512 	2.00099 	0.791878  	8.92441	578.48 	568.159	-1723.83	2153.81
37 	25    	1.02988 	0.0178262 	1.01338     	1.08434	1    	0        	1    	1    	3.5729  	1.99436 	0.791878  	8.92441	584.813	579.241	-1723.83	2264.06
38 	25    	1.02996 	0.0177689 	1.01355     	1.08434	1    	0        	1    	1    	3.60366 	1.97699 	0.791878  	8.92441	608.09 	589.777	-1723.83	2264.06
39 	25    	1.03075 	0.0174943 	1.01446     	1.08434	1    	0        	1    	1    	3.65577 	1.96935 	0.791878  	8.92441	580.441	570.051	-1723.83	2264.06
40 	25    	1.03206 	0.0170908 	1.01477     	1.08434	1    	0        	1    	1    	3.80055 	1.93723 	0.791878  	8.92441	594.966	591.929	-1723.83	2264.06
41 	25    	1.03282 	0.017109  	1.01507     	1.08434	1    	0        	1    	1    	3.88379 	1.9411  	0.791878  	8.92441	601.737	593.872	-1723.83	2264.06
42 	25    	1.03385 	0.0166848 	1.01604     	1.08434	1    	0        	1    	1    	3.96248 	1.91083 	0.791878  	8.92441	577.053	574.818	-1723.83	1871.93
43 	25    	1.03447 	0.0163848 	1.01647     	1.08434	1    	0        	1    	1    	4.0278  	1.89018 	0.791878  	8.92441	580.514	591.924	-1723.83	1871.93
44 	25    	1.03527 	0.0162699 	1.01759     	1.08434	1    	0        	1    	1    	4.11924 	1.904   	0.791878  	8.92441	592.539	634.449	-1723.83	1871.93
45 	25    	1.0366  	0.0159025 	1.01843     	1.08434	1    	0        	1    	1    	4.21298 	1.89387 	0.791878  	8.92441	552.815	624.205	-1723.83	1752.76
46 	25    	1.03752 	0.0155554 	1.01883     	1.08434	1    	0        	1    	1    	4.31899 	1.85606 	0.791878  	8.92441	567.183	620.973	-1723.83	1752.76
47 	25    	1.03791 	0.0152623 	1.01961     	1.08434	1    	0        	1    	1    	4.37001 	1.79981 	0.947203  	8.92441	579.087	595.87 	-1723.83	1752.76
48 	25    	1.03829 	0.0150377 	1.01976     	1.08434	1    	0        	1    	1    	4.40285 	1.78017 	0.947203  	8.92441	574.087	595.011	-1723.83	1752.76
49 	25    	1.03953 	0.0142918 	1.0206      	1.08434	1    	0        	1    	1    	4.50802 	1.75682 	0.947203  	8.92441	554.521	595.28 	-1723.83	1727.95
50 	25    	1.03974 	0.0140755 	1.0211      	1.08434	1    	0        	1    	1    	4.53409 	1.72582 	0.947203  	8.92441	559.926	589.327	-1723.83	1727.95
51 	25    	1.04032 	0.0135959 	1.02194     	1.08434	1    	0        	1    	1    	4.58318 	1.67935 	0.947203  	8.92441	551.469	601.881	-1723.83	1727.95
52 	25    	1.04099 	0.0132219 	1.02332     	1.08434	1    	0        	1    	1    	4.65789 	1.65974 	0.947203  	8.92441	559.282	604.481	-1723.83	1727.95
53 	25    	1.04156 	0.0128176 	1.02429     	1.08434	1    	0        	1    	1    	4.7052  	1.6401  	0.947203  	8.92441	549.652	611.064	-1723.83	1630.7 
54 	25    	1.04209 	0.0124053 	1.02478     	1.08434	1    	0        	1    	1    	4.73461 	1.61934 	0.947203  	8.92441	525.996	612.649	-1723.83	1630.7 
55 	25    	1.04287 	0.0122953 	1.02543     	1.08434	1    	0        	1    	1    	4.82314 	1.60872 	0.947203  	8.92441	536.139	610.326	-1723.83	1630.7 
56 	25    	1.04351 	0.0119014 	1.02862     	1.08434	1    	0        	1    	1    	4.91776 	1.51153 	2.2728    	8.92441	566.731	546.53 	-837.053	1630.7 
57 	25    	1.0439  	0.0116188 	1.02956     	1.08434	1    	0        	1    	1    	5.00217 	1.4405  	2.42172   	8.92441	612.322	516.153	-837.053	1630.7 
58 	25    	1.04459 	0.0113237 	1.03067     	1.08434	1    	0        	1    	1    	5.09602 	1.38917 	2.42172   	8.92441	637.186	494.595	-837.053	1630.7 
59 	25    	1.04551 	0.0110509 	1.03118     	1.08434	1    	0        	1    	1    	5.21617 	1.32587 	2.50425   	8.92441	665.471	475.578	-837.053	1630.7 
60 	25    	1.0458  	0.0108673 	1.03184     	1.08434	1    	0        	1    	1    	5.24727 	1.30858 	2.50425   	8.92441	667.415	474.681	-837.053	1630.7 
61 	25    	1.046   	0.0107318 	1.03265     	1.08434	1    	0        	1    	1    	5.26832 	1.29245 	2.50425   	8.92441	668.162	473.584	-837.053	1630.7 
62 	25    	1.0466  	0.0104538 	1.03341     	1.08434	1    	0        	1    	1    	5.33896 	1.26519 	2.50425   	8.92441	679.455	492.49 	-837.053	1630.7 
63 	25    	1.04686 	0.0103449 	1.03342     	1.08434	1    	0        	1    	1    	5.4127  	1.20522 	2.61743   	8.92441	726.394	452.112	-724.2  	1630.7 
64 	25    	1.04717 	0.0103943 	1.03426     	1.08434	1    	0        	1    	1    	5.44883 	1.18248 	3.35549   	8.92441	731.506	437.331	-182.876	1630.7 
65 	25    	1.04769 	0.0100441 	1.03549     	1.08434	1    	0        	1    	1    	5.5198  	1.1232  	3.85176   	8.92441	750.513	435.918	-182.876	1630.7 
66 	25    	1.04845 	0.00987348	1.03607     	1.08434	1    	0        	1    	1    	5.57572 	1.11202 	3.88711   	8.92441	731.163	450.265	-251.184	1630.7 
67 	25    	1.04928 	0.00974678	1.0376      	1.08434	1    	0        	1    	1    	5.6205  	1.1106  	3.92815   	8.92441	692.013	457.189	-251.184	1630.7 
68 	25    	1.04962 	0.00953399	1.038       	1.08434	1    	0        	1    	1    	5.67778 	1.0792  	3.92815   	8.92441	715.319	472.142	-251.184	1812.32
69 	25    	1.04977 	0.00941476	1.038       	1.08434	1    	0        	1    	1    	5.69034 	1.07366 	3.8591    	8.92441	713.786	486.658	-496.408	1812.32
70 	25    	1.04985 	0.00934783	1.03822     	1.08434	1    	0        	1    	1    	5.69938 	1.06466 	3.8591    	8.92441	714.744	486.093	-496.408	1812.32
71 	25    	1.05032 	0.00929459	1.03846     	1.08434	1    	0        	1    	1    	5.73747 	1.04995 	3.8591    	8.92441	705.062	493.247	-496.408	1812.32
72 	25    	1.0507  	0.00919742	1.03912     	1.08434	1    	0        	1    	1    	5.7676  	1.03197 	3.8591    	8.92441	697.837	499.193	-496.408	1812.32
73 	25    	1.05128 	0.00961953	1.04028     	1.08477	1    	0        	1    	1    	5.8009  	1.08204 	3.8591    	9.05999	673.244	491.784	-496.408	1630.7 
74 	25    	1.05192 	0.00949207	1.04066     	1.08477	1    	0        	1    	1    	5.8564  	1.08934 	3.8591    	9.05999	664.066	488.789	-496.408	1630.7 
75 	25    	1.0528  	0.00921314	1.04178     	1.08477	1    	0        	1    	1    	5.95661 	1.04431 	3.8591    	9.05999	676.975	481.842	-496.408	1630.7 
76 	25    	1.05293 	0.00910624	1.04241     	1.08477	1    	0        	1    	1    	5.9723  	1.03737 	3.8591    	9.05999	679.724	483.326	-496.408	1630.7 
77 	25    	1.05326 	0.00895458	1.04294     	1.08477	1    	0        	1    	1    	6.015   	1.03068 	3.8591    	9.05999	689    	494.694	-496.408	1630.7 
78 	25    	1.05369 	0.00872263	1.04344     	1.08477	1    	0        	1    	1    	6.04275 	1.00464 	3.8591    	9.05999	673.927	491.482	-496.408	1630.7 
79 	25    	1.05409 	0.00862797	1.04368     	1.08477	1    	0        	1    	1    	6.09928 	0.966216	4.36581   	9.05999	689.849	468.327	-301.749	1630.7 
80 	25    	1.05438 	0.00850891	1.04391     	1.08477	1    	0        	1    	1    	6.15467 	0.939351	4.40758   	9.05999	717.055	470.752	-301.749	1630.7 
81 	25    	1.05444 	0.00845318	1.04412     	1.08477	1    	0        	1    	1    	6.16114 	0.934447	4.40758   	9.05999	716.988	470.751	-301.749	1630.7 
82 	25    	1.05497 	0.00862714	1.04423     	1.08477	1    	0        	1    	1    	6.17701 	0.96826 	4.40758   	9.05999	679.733	452.192	-301.749	1630.7 
83 	25    	1.055   	0.00859298	1.04423     	1.08477	1    	0        	1    	1    	6.17217 	0.971215	4.40758   	9.05999	671.679	446.387	-301.749	1630.7 
84 	25    	1.0553  	0.00849521	1.04478     	1.08477	1    	0        	1    	1    	6.1935  	0.974595	4.40758   	9.05999	663.682	438.365	-301.749	1630.7 
85 	25    	1.05593 	0.00838481	1.04574     	1.08477	1    	0        	1    	1    	6.25834 	0.971371	4.40758   	9.05999	665.461	437.013	-301.749	1630.7 
86 	25    	1.05653 	0.00839101	1.04653     	1.08477	1    	0        	1    	1    	6.31075 	0.975597	4.40758   	9.05999	657.301	456.418	-301.749	1630.7 
87 	25    	1.05696 	0.00825384	1.04672     	1.08477	1    	0        	1    	1    	6.34705 	0.971938	4.40758   	9.05999	650.811	456.319	-301.749	1630.7 
88 	25    	1.05702 	0.00819986	1.04695     	1.08477	1    	0        	1    	1    	6.35752 	0.965751	4.40758   	9.05999	655.342	462.896	-301.749	1630.7 
89 	25    	1.05734 	0.00842561	1.04699     	1.08477	1    	0        	1    	1    	6.38191 	0.990016	4.40758   	9.05999	647.602	456.351	-301.749	1630.7 
90 	25    	1.05747 	0.00835311	1.047       	1.08477	1    	0        	1    	1    	6.39337 	0.98429 	4.40758   	9.05999	646.855	459.997	-301.749	1630.7 
91 	25    	1.05755 	0.00828845	1.04709     	1.08477	1    	0        	1    	1    	6.39421 	0.98331 	4.40758   	9.05999	638.886	469.03 	-301.749	1630.7 
92 	25    	1.05786 	0.00809951	1.04744     	1.08477	1    	0        	1    	1    	6.42582 	0.955232	4.5687    	9.05999	640.321	464.926	-286.047	1630.7 
93 	25    	1.05822 	0.00798845	1.04795     	1.08477	1    	0        	1    	1    	6.46241 	0.94494 	4.83523   	9.05999	640.824	456.708	-286.047	1630.7 
94 	25    	1.0588  	0.00776363	1.04856     	1.08477	1    	0        	1    	1    	6.5234  	0.937738	4.80644   	9.05999	643.505	480.595	-286.047	1630.7 
95 	25    	1.05941 	0.00764791	1.04877     	1.08477	1    	0        	1    	1    	6.57779 	0.919856	4.80644   	9.05999	637.266	486.297	-286.047	1630.7 
96 	25    	1.05997 	0.00746189	1.04986     	1.08477	1    	0        	1    	1    	6.64646 	0.892294	4.80644   	9.05999	649.054	489.274	-286.047	1630.7 
97 	25    	1.06017 	0.00729797	1.05023     	1.08477	1    	0        	1    	1    	6.66603 	0.878422	4.80644   	9.05999	649.259	489.646	-286.047	1630.7 
98 	25    	1.06071 	0.00715641	1.05108     	1.08477	1    	0        	1    	1    	6.73973 	0.834621	5.29945   	9.05999	668.767	491.285	-286.047	1630.7 
99 	25    	1.06122 	0.0071022 	1.05245     	1.08477	1    	0        	1    	1    	6.80796 	0.822773	5.29945   	9.05999	686.123	495.203	-286.047	1630.7 
100	25    	1.06133 	0.00705018	1.05247     	1.08477	1    	0        	1    	1    	6.81547 	0.817034	5.29945   	9.05999	682.775	497.142	-286.047	1630.7 
101	25    	1.06153 	0.00706954	1.05342     	1.08477	1    	0        	1    	1    	6.83868 	0.815969	5.29945   	9.05999	685.248	496.871	-286.047	1630.7 
102	25    	1.06153 	0.00706954	1.05342     	1.08477	1    	0        	1    	1    	6.83868 	0.815969	5.29945   	9.05999	685.248	496.871	-286.047	1630.7 
103	25    	1.06153 	0.00706954	1.05342     	1.08477	1    	0        	1    	1    	6.83868 	0.815969	5.29945   	9.05999	685.248	496.871	-286.047	1630.7 
104	25    	1.06211 	0.00715412	1.05378     	1.08477	1    	0        	1    	1    	6.897   	0.814379	5.29945   	9.05999	685.621	493.827	-286.047	1630.7 
105	25    	1.06246 	0.00716642	1.05393     	1.08477	1    	0        	1    	1    	6.92602 	0.804834	5.29945   	9.05999	679.737	496.26 	-286.047	1630.7 
106	25    	1.06263 	0.00716326	1.05401     	1.08477	1    	0        	1    	1    	6.93962 	0.795311	5.29945   	9.05999	676.367	499.96 	-286.047	1630.7 
107	25    	1.06299 	0.00760407	1.05417     	1.0898 	1    	0        	1    	1    	6.96292 	0.830328	5.29945   	9.33782	663.883	492.108	-286.047	1630.7 
108	25    	1.06318 	0.0074992 	1.05455     	1.0898 	1    	0        	1    	1    	6.9597  	0.830234	5.29945   	9.33782	641.599	488.048	-286.047	1629.56
109	25    	1.06344 	0.00736603	1.0551      	1.0898 	1    	0        	1    	1    	6.98531 	0.814509	5.29945   	9.33782	641.158	487.793	-286.047	1629.56
110	25    	1.06344 	0.00736603	1.0551      	1.0898 	1    	0        	1    	1    	6.98531 	0.814509	5.29945   	9.33782	641.158	487.793	-286.047	1629.56
111	25    	1.06353 	0.0072804 	1.05546     	1.0898 	1    	0        	1    	1    	6.99255 	0.812089	5.29945   	9.33782	639.276	486.026	-286.047	1629.56
112	25    	1.06376 	0.00715037	1.05582     	1.0898 	1    	0        	1    	1    	7.04099 	0.791406	5.29945   	9.33782	664.994	485.115	-286.047	1629.56
113	25    	1.06421 	0.00704593	1.0563      	1.0898 	1    	0        	1    	1    	7.07    	0.785479	5.52141   	9.33782	648.616	450.57 	-286.047	1629.56
114	25    	1.06432 	0.00700418	1.0563      	1.0898 	1    	0        	1    	1    	7.06405 	0.787113	5.52141   	9.33782	632.521	447.953	-286.047	1629.56
115	25    	1.06475 	0.00727147	1.05664     	1.0898 	1    	0        	1    	1    	7.10535 	0.795407	5.53388   	9.33782	630.715	438.993	-286.047	1629.56
116	25    	1.06484 	0.00720155	1.05689     	1.0898 	1    	0        	1    	1    	7.11898 	0.796168	5.53388   	9.33782	635.466	450.248	-286.047	1629.56
117	25    	1.065   	0.0071134 	1.05699     	1.0898 	1    	0        	1    	1    	7.14122 	0.779207	5.53388   	9.33782	641.022	446.513	-286.047	1629.56
118	25    	1.06533 	0.00709699	1.05748     	1.0898 	1    	0        	1    	1    	7.17011 	0.770882	5.68353   	9.33782	637.518	443.171	-286.047	1629.56
119	25    	1.06557 	0.00711986	1.05778     	1.0898 	1    	0        	1    	1    	7.19231 	0.767157	5.68353   	9.33782	635.529	450.27 	-286.047	1629.56
120	25    	1.06581 	0.00698292	1.05833     	1.0898 	1    	0        	1    	1    	7.17083 	0.771797	5.68353   	9.33782	589.717	440.466	-314.596	1629.56
121	25    	1.06593 	0.00695473	1.05848     	1.0898 	1    	0        	1    	1    	7.17814 	0.77697 	5.68353   	9.33782	585.298	433.225	-314.596	1629.56
122	25    	1.06615 	0.00687207	1.05848     	1.0898 	1    	0        	1    	1    	7.21128 	0.771665	5.68353   	9.33782	596.505	445.986	-314.596	1629.56
123	25    	1.06651 	0.00686117	1.05893     	1.0898 	1    	0        	1    	1    	7.25204 	0.763824	5.68353   	9.33782	601.112	446.428	-314.596	1629.56
124	25    	1.06651 	0.00686117	1.05893     	1.0898 	1    	0        	1    	1    	7.25204 	0.763824	5.68353   	9.33782	601.112	446.428	-314.596	1629.56
125	25    	1.06714 	0.00676582	1.0597      	1.0898 	1    	0        	1    	1    	7.30693 	0.731757	5.68353   	9.33782	593.149	445.739	-314.596	1629.56
126	25    	1.06728 	0.00675315	1.05993     	1.0898 	1    	0        	1    	1    	7.33094 	0.717346	6.29628   	9.33782	603.382	437.1  	-314.596	1629.56
127	25    	1.0678  	0.00717484	1.06        	1.0898 	1    	0        	1    	1    	7.38801 	0.750126	6.29628   	9.33782	607.867	435.664	-314.596	1629.56
128	25    	1.06784 	0.00714493	1.06        	1.0898 	1    	0        	1    	1    	7.39938 	0.742355	6.29628   	9.33782	615.696	437.372	-314.596	1629.56
129	25    	1.06815 	0.00715369	1.06002     	1.0898 	1    	0        	1    	1    	7.43461 	0.737778	6.29628   	9.33782	619.127	436.274	-314.596	1629.56
130	25    	1.06827 	0.00706475	1.06002     	1.0898 	1    	0        	1    	1    	7.44083 	0.731777	6.29628   	9.33782	614.085	438.631	-314.596	1629.56
131	25    	1.06844 	0.00696854	1.06056     	1.0898 	1    	0        	1    	1    	7.45989 	0.71651 	6.29628   	9.33782	615.976	439.846	-314.596	1629.56
132	25    	1.06859 	0.00692063	1.06067     	1.0898 	1    	0        	1    	1    	7.47201 	0.713978	6.29628   	9.33782	612.798	439.358	-314.596	1629.56
133	25    	1.06868 	0.0068469 	1.06118     	1.0898 	1    	0        	1    	1    	7.47253 	0.71382 	6.29628   	9.33782	604.491	439.682	-314.596	1629.56
134	25    	1.06892 	0.00671298	1.06157     	1.0898 	1    	0        	1    	1    	7.50184 	0.699956	6.29628   	9.33782	609.874	443.965	-314.596	1629.56
135	25    	1.06931 	0.00678899	1.0618      	1.0898 	1    	0        	1    	1    	7.51298 	0.721377	6.29628   	9.33782	581.496	440.62 	-314.596	1629.56
136	25    	1.06942 	0.00675219	1.06187     	1.0898 	1    	0        	1    	1    	7.51357 	0.721285	6.29628   	9.33782	571.796	437.759	-314.596	1629.56
137	25    	1.0697  	0.0066753 	1.06233     	1.0898 	1    	0        	1    	1    	7.53716 	0.723327	6.29628   	9.33782	566.931	434.201	-314.596	1629.56
138	25    	1.07008 	0.00680719	1.06241     	1.0898 	1    	0        	1    	1    	7.55719 	0.744838	6.29628   	9.33782	549.305	412.894	-314.596	1629.56
139	25    	1.07016 	0.00675835	1.06288     	1.0898 	1    	0        	1    	1    	7.55055 	0.744378	6.29628   	9.33782	534.751	399.97 	-314.596	1531.88
140	25    	1.07016 	0.00675835	1.06288     	1.0898 	1    	0        	1    	1    	7.55055 	0.744378	6.29628   	9.33782	534.751	399.97 	-314.596	1531.88
141	25    	1.07029 	0.00671559	1.06291     	1.0898 	1    	0        	1    	1    	7.56144 	0.745023	6.29628   	9.33782	532.021	398.699	-314.596	1531.88
142	25    	1.07041 	0.00664265	1.06299     	1.0898 	1    	0        	1    	1    	7.57045 	0.741565	6.29628   	9.33782	529.261	395.521	-314.596	1531.88
143	25    	1.07072 	0.00665195	1.0631      	1.0898 	1    	0        	1    	1    	7.58349 	0.74514 	6.29628   	9.33782	511.25 	389.219	-314.596	1531.88
144	25    	1.07097 	0.00650434	1.06317     	1.0898 	1    	0        	1    	1    	7.6133  	0.726858	6.29628   	9.33782	515.837	388.541	-314.596	1531.88
145	25    	1.07123 	0.0063609 	1.06333     	1.0898 	1    	0        	1    	1    	7.63419 	0.708968	6.29628   	9.33782	511.322	396.178	-314.596	1531.88
146	25    	1.07156 	0.00617031	1.06374     	1.0898 	1    	0        	1    	1    	7.66881 	0.704635	6.29628   	9.33782	513.099	397.938	-314.596	1531.88
147	25    	1.07187 	0.00597272	1.06441     	1.0898 	1    	0        	1    	1    	7.67554 	0.706889	6.29628   	9.33782	488.826	371.509	-314.596	1535.68
148	25    	1.07209 	0.00591036	1.06469     	1.0898 	1    	0        	1    	1    	7.68773 	0.707537	6.29628   	9.33782	478.732	360.231	-314.596	1535.68
149	25    	1.07219 	0.00586777	1.06473     	1.0898 	1    	0        	1    	1    	7.6961  	0.705463	6.29628   	9.33782	477.34 	359.915	-314.596	1535.68
150	25    	1.07239 	0.00570852	1.06537     	1.0898 	1    	0        	1    	1    	7.72964 	0.684648	6.29628   	9.33782	491.034	360.399	-314.596	1535.68
151	25    	1.07242 	0.0056797 	1.06565     	1.0898 	1    	0        	1    	1    	7.73445 	0.6797  	6.29628   	9.33782	492.895	359.646	-314.596	1535.68
152	25    	1.07248 	0.00563886	1.06565     	1.0898 	1    	0        	1    	1    	7.73065 	0.678725	6.29628   	9.33782	482.438	344.153	-314.596	1535.68
153	25    	1.07271 	0.00559431	1.06592     	1.0898 	1    	0        	1    	1    	7.73747 	0.678859	6.29628   	9.33782	466.027	329.78 	-314.596	1535.68
154	25    	1.07311 	0.00551572	1.06621     	1.0898 	1    	0        	1    	1    	7.78105 	0.649526	6.44551   	9.33782	470.281	321.339	-251.055	1535.68
155	25    	1.07311 	0.00551572	1.06621     	1.0898 	1    	0        	1    	1    	7.78105 	0.649526	6.44551   	9.33782	470.281	321.339	-251.055	1535.68
156	25    	1.07326 	0.0054013 	1.06656     	1.0898 	1    	0        	1    	1    	7.82102 	0.61413 	6.44551   	9.33782	495.161	314.328	-251.055	1535.68
157	25    	1.07348 	0.00531683	1.06676     	1.0898 	1    	0        	1    	1    	7.84516 	0.608583	6.44551   	9.33782	496.798	303.293	-251.055	1124.94
158	25    	1.07362 	0.00521441	1.0669      	1.0898 	1    	0        	1    	1    	7.8605  	0.592334	6.44551   	9.33782	498.434	304.631	-251.055	1124.94
159	25    	1.07371 	0.00514366	1.06748     	1.0898 	1    	0        	1    	1    	7.88451 	0.559299	6.63444   	9.33782	513.843	287.214	-173.18 	1124.94
160	25    	1.07381 	0.00508208	1.06751     	1.0898 	1    	0        	1    	1    	7.8875  	0.554535	6.63444   	9.33782	506.338	291.614	-173.18 	1124.94
161	25    	1.07388 	0.00504267	1.06779     	1.0898 	1    	0        	1    	1    	7.88733 	0.554666	6.63444   	9.33782	499.3  	294.908	-173.18 	1124.94
162	25    	1.07411 	0.00502249	1.06799     	1.0898 	1    	0        	1    	1    	7.90017 	0.558767	6.63444   	9.33782	489.039	298.051	-173.18 	1124.94
163	25    	1.07417 	0.00498465	1.06804     	1.0898 	1    	0        	1    	1    	7.90135 	0.558939	6.63444   	9.33782	484.029	291.458	-173.18 	1082.42
164	25    	1.07433 	0.0049388 	1.06827     	1.0898 	1    	0        	1    	1    	7.92301 	0.544286	6.94893   	9.33782	489.815	284.2  	-65.9052	1082.42
165	25    	1.07453 	0.0048468 	1.06835     	1.0898 	1    	0        	1    	1    	7.94348 	0.531001	6.94893   	9.33782	490.832	285.981	-65.9052	1082.42
166	25    	1.0747  	0.004772  	1.06904     	1.0898 	1    	0        	1    	1    	7.9643  	0.519779	6.94893   	9.33782	493.871	289.925	-65.9052	1082.42
167	25    	1.07474 	0.00473709	1.06914     	1.0898 	1    	0        	1    	1    	7.97221 	0.513204	6.94893   	9.33782	498.12 	290.525	-65.9052	1082.42
168	25    	1.07474 	0.00473709	1.06914     	1.0898 	1    	0        	1    	1    	7.97221 	0.513204	6.94893   	9.33782	498.12 	290.525	-65.9052	1082.42
169	25    	1.07483 	0.00471765	1.06945     	1.0898 	1    	0        	1    	1    	7.98056 	0.509346	6.94893   	9.33782	497.155	290.982	-65.9052	1082.42
170	25    	1.07504 	0.00459196	1.06985     	1.0898 	1    	0        	1    	1    	7.99027 	0.505813	6.94893   	9.33782	486.279	298.874	-65.9052	1082.42
171	25    	1.07521 	0.00463018	1.0701      	1.0898 	1    	0        	1    	1    	8.00386 	0.509299	6.94893   	9.33782	482.5  	291.662	-65.9052	1072.03
172	25    	1.07523 	0.00461492	1.07013     	1.0898 	1    	0        	1    	1    	8.00485 	0.508775	6.94893   	9.33782	481.847	291.304	-65.9052	1072.03
173	25    	1.07523 	0.00461023	1.07015     	1.0898 	1    	0        	1    	1    	8.00034 	0.512975	6.94893   	9.33782	476.899	291.101	-65.9052	1072.03
174	25    	1.07526 	0.00459005	1.07028     	1.0898 	1    	0        	1    	1    	8.00596 	0.508609	6.89868   	9.33782	480.316	292.091	-146.624	1072.03
175	25    	1.07535 	0.00453424	1.07056     	1.0898 	1    	0        	1    	1    	8.01924 	0.494666	7.05227   	9.33782	484.224	281.858	-63.8189	1072.03
176	25    	1.07538 	0.00451218	1.07057     	1.0898 	1    	0        	1    	1    	8.02638 	0.489921	7.05227   	9.33782	488.335	281.89 	-63.8189	1072.03
177	25    	1.07542 	0.00447591	1.07065     	1.0898 	1    	0        	1    	1    	8.05363 	0.468801	7.05227   	9.33782	511.504	289.689	-63.8189	1142.49
178	25    	1.07557 	0.00441943	1.07084     	1.0898 	1    	0        	1    	1    	8.0641  	0.461303	7.05227   	9.33782	507.196	286.85 	-63.8189	1142.49
179	25    	1.07577 	0.00442524	1.07103     	1.0898 	1    	0        	1    	1    	8.0753  	0.459626	7.43045   	9.33782	498.301	278.82 	-63.8189	1142.49
180	25    	1.07592 	0.00437929	1.07114     	1.0898 	1    	0        	1    	1    	8.06802 	0.468685	7.14806   	9.33782	476.378	273.619	-98.7326	1142.49
181	25    	1.076   	0.00432986	1.07132     	1.0898 	1    	0        	1    	1    	8.06756 	0.467758	7.14806   	9.33782	467.983	265.423	-98.7326	1072.03
182	25    	1.07609 	0.00428034	1.07162     	1.0898 	1    	0        	1    	1    	8.07453 	0.465715	7.14806   	9.33782	465.773	265.317	-98.7326	1072.03
183	25    	1.07618 	0.00425225	1.07162     	1.0898 	1    	0        	1    	1    	8.07159 	0.465995	7.14806   	9.33782	453.706	251.134	-98.7326	1072.03
184	25    	1.07636 	0.00432575	1.07174     	1.0898 	1    	0        	1    	1    	8.08514 	0.479272	7.14806   	9.33782	448.707	244.684	-98.7326	1061.77
185	25    	1.07637 	0.00431571	1.07185     	1.0898 	1    	0        	1    	1    	8.0823  	0.481885	7.14806   	9.33782	444.807	245.205	-98.7326	1061.77
186	25    	1.0765  	0.00432888	1.07194     	1.0898 	1    	0        	1    	1    	8.08577 	0.490514	7.14806   	9.33782	435.865	243.383	-98.7326	1061.77
187	25    	1.0765  	0.00432888	1.07194     	1.0898 	1    	0        	1    	1    	8.08577 	0.490514	7.14806   	9.33782	435.865	243.383	-98.7326	1061.77
188	25    	1.07652 	0.00431364	1.07194     	1.0898 	1    	0        	1    	1    	8.08685 	0.490221	7.14806   	9.33782	435.145	242.692	-98.7326	1061.77
189	25    	1.07664 	0.00422675	1.0721      	1.0898 	1    	0        	1    	1    	8.0987  	0.483988	7.14806   	9.33782	434.324	241.799	-98.7326	1061.77
190	25    	1.07682 	0.00416783	1.07226     	1.0898 	1    	0        	1    	1    	8.11297 	0.481414	7.14806   	9.33782	431.462	240.441	-98.7326	1061.77
191	25    	1.07684 	0.0041484 	1.0723      	1.0898 	1    	0        	1    	1    	8.10919 	0.482529	7.14806   	9.33782	425.581	233.851	-98.7326	1052.42
192	25    	1.07684 	0.0041484 	1.0723      	1.0898 	1    	0        	1    	1    	8.10919 	0.482529	7.14806   	9.33782	425.581	233.851	-98.7326	1052.42
193	25    	1.07699 	0.0041401 	1.07239     	1.0898 	1    	0        	1    	1    	8.11985 	0.48492 	7.14806   	9.33782	420.832	225.652	-98.7326	1006.41
194	25    	1.07714 	0.00408751	1.07277     	1.0898 	1    	0        	1    	1    	8.14306 	0.472041	7.44074   	9.33782	429.287	219.005	-63.8189	1006.41
195	25    	1.07729 	0.00402122	1.07278     	1.0898 	1    	0        	1    	1    	8.16214 	0.467932	7.44074   	9.33782	432.692	219.128	-63.8189	1006.41
196	25    	1.0773  	0.00401298	1.0728      	1.0898 	1    	0        	1    	1    	8.1675  	0.463564	7.44074   	9.33782	437.243	219.781	-63.8189	1006.41
